Handle,Title,Body (HTML),Vendor,Product Category,Type,Tags,Published,Option1 Name,Option1 Value,Option2 Name,Option2 Value,Option3 Name,Option3 Value,Variant SKU,Variant Grams,Variant Inventory Tracker,Variant Inventory Qty,Variant Inventory Policy,Variant Fulfillment Service,Variant Price,Variant Compare At Price,Variant Requires Shipping,Variant Taxable,Variant Barcode,Image Src,Image Position,Image Alt Text,Gift Card,SEO Title,SEO Description,Google Shopping / Google Product Category,Google Shopping / Gender,Google Shopping / Age Group,Google Shopping / MPN,Google Shopping / Condition,Google Shopping / Custom Product,Google Shopping / Custom Label 0,Google Shopping / Custom Label 1,Google Shopping / Custom Label 2,Google Shopping / Custom Label 3,Google Shopping / Custom Label 4,Variant Image,Variant Weight Unit,Variant Tax Code,Cost per item,Included / Bangladesh,Price / Bangladesh,Compare At Price / Bangladesh,Included / International,Price / International,Compare At Price / International,Included / Mexico,Price / Mexico,Compare At Price / Mexico,Status
iron-lantern-desk,Iron Lantern Desk,"<h5 class=""a-size-base-plus a-text-bold"" data-mce-fragment=""1"">About this item</h5>
<ul class=""a-unordered-list a-vertical a-spacing-mini"" data-mce-fragment=""1"">
<li class=""a-spacing-mini"" data-mce-fragment=""1""><span class=""a-list-item"" data-mce-fragment=""1"">Matte Black Finish</span></li>
<li class=""a-spacing-mini"" data-mce-fragment=""1""><span class=""a-list-item"" data-mce-fragment=""1"">Clear Glass Shade</span></li>
<li class=""a-spacing-mini"" data-mce-fragment=""1""><span class=""a-list-item"" data-mce-fragment=""1"">Convenient ON/OFF cord switch</span></li>
<li class=""a-spacing-mini"" data-mce-fragment=""1""><span class=""a-list-item"" data-mce-fragment=""1"">Lamp measures: L:9"" x W:5.75"" x H:19""</span></li>
<li class=""a-spacing-mini"" data-mce-fragment=""1""><span class=""a-list-item"" data-mce-fragment=""1"">Uses 1 x 40W equivalent standard medium base bulb (not included). For full vintage look, Type T45 Edison bulb is recommended</span></li>
<li class=""a-spacing-mini"" style=""text-align: left;"" data-mce-fragment=""1"" data-mce-style=""text-align: left;""><span class=""a-list-item"" data-mce-fragment=""1"">Available in a variety of finishes<br><br><strong><span class=""a-text-bold"" data-mce-fragment=""1"">Note</span>: </strong><span data-mce-fragment=""1"">Products with electrical plugs are designed for use in the US. Outlets and voltage differ internationally and this product may require an adapter or converter for use in your destination. Please check compatibility before purchasing.</span></span></li>
</ul>
<span style=""font-size: 0.875rem;"">--- split content ---</span><br>
<h5 data-mce-fragment=""1""><span data-mce-fragment=""1"">Additional information</span></h5>
<div>
<div>
<table style=""width: 43.7113%;"" data-mce-style=""width: 43.7113%;"">
<tbody>
<tr>
<td style=""width: 14%;"" data-mce-style=""width: 14%;""><strong>Style</strong></td>
<td style=""width: 25.7113%;"" data-mce-style=""width: 25.7113%;""><span>Bulb Included</span></td>
</tr>
<tr>
<td style=""width: 14%;"" data-mce-style=""width: 14%;""><strong><span data-mce-fragment=""1"">Brand</span></strong></td>
<td style=""width: 25.7113%;"" data-mce-style=""width: 25.7113%;""><span>Simple Designs</span></td>
</tr>
<tr>
<td style=""width: 14%;"" data-mce-style=""width: 14%;"">
<table class=""a-normal a-spacing-micro"">
<tbody>
<tr class=""a-spacing-small po-item_depth_width_height"">
<td class=""a-span3""><strong><span class=""a-size-base a-text-bold"">Dimensions</span></strong></td>
</tr>
</tbody>
</table>
</td>
<td style=""width: 25.7113%;"" data-mce-style=""width: 25.7113%;""><span>5.75""D x 9""W x 19""H</span></td>
</tr>
<tr>
<td style=""width: 14%;"" data-mce-style=""width: 14%;"">
<table class=""a-normal a-spacing-micro"">
<tbody>
<tr class=""a-spacing-small po-special_feature"">
<td class=""a-span3""><strong><span class=""a-size-base a-text-bold"">Special Feature</span></strong></td>
</tr>
</tbody>
</table>
</td>
<td style=""width: 25.7113%;"" data-mce-style=""width: 25.7113%;""><span>Corded</span></td>
</tr>
</tbody>
</table>
<span><span class=""a-size-base a-color-secondary"" data-mce-fragment=""1""></span><span class=""a-declarative"" data-action=""a-popover"" data-csa-c-type=""widget"" data-csa-c-func-deps=""aui-da-a-popover"" data-a-popover='{""closeButton"":""true"",""name"":""agShipMsgPopover"",""activate"":""onclick"",""width"":""350"",""position"":""triggerBottom""}' data-csa-c-id=""5z8nt5-62kekn-ohnnaq-b1r5ey"" data-mce-fragment=""1""><a role=""button"" class=""a-popover-trigger a-declarative"" data-mce-fragment=""1""><span class=""a-size-base"" data-mce-fragment=""1"">No Import Fees Deposit.</span></a></span></span><br>
</div>
</div>",Home Decor,,,"Ambient, Glow, Shedding",TRUE,Color,Antique Brass,,,,,,7000,shopify,87,deny,manual,750,820,TRUE,TRUE,,https://cdn.shopify.com/s/files/1/0631/6815/1720/files/b2_2106e65c-33cf-4ae7-8540-33c039ffbcb6.jpg?v=1702279673,1,Antique Brass,FALSE,,,,,,,,,,,,,,,kg,,,TRUE,,,TRUE,,,TRUE,,,active
iron-lantern-desk,,,,,,,,,Black,,,,,,6000,shopify,45,deny,manual,700,780,TRUE,TRUE,,https://cdn.shopify.com/s/files/1/0631/6815/1720/files/b1_f1daa116-fb8a-4eab-a492-fddc8f3e6a71.jpg?v=1702279673,2,Antique Brass,,,,,,,,,,,,,,,,kg,,,,,,,,,,,,
iron-lantern-desk,,,,,,,,,,,,,,,,shopify,4,deny,manual,,,,,,https://cdn.shopify.com/s/files/1/0631/6815/1720/files/a1_b635491c-13ae-4390-b90d-204ca3f54b19.jpg?v=1702279673,3,Black,,,,,,,,,,,,,,,,,,,,,,,,,,,,
nourison-23,Nourison 23,,Home Decor,,Indoor,"Bedroom, Shine, Style",TRUE,Color,Terracotta,Size,Large,,,SKU: NL-100,14000,shopify,32,deny,manual,600,870,TRUE,TRUE,,https://cdn.shopify.com/s/files/1/0631/6815/1720/files/a1.jpg?v=1702201179,1,Terracotta,FALSE,,,,,,,,,,,,,,,kg,,,TRUE,,,TRUE,,,TRUE,,,active
nourison-23,,,,,,,,Color,Terracotta,Size,Medium,,,,14000,shopify,32,deny,manual,600,870,TRUE,TRUE,,https://cdn.shopify.com/s/files/1/0631/6815/1720/files/a2.jpg?v=1702198242,2,Terracotta,,,,,,,,,,,,,,,,kg,,,,,,,,,,,,
nourison-23,,,,,,,,Color,Terracotta,Size,Small,,,,14000,shopify,32,deny,manual,600,870,TRUE,TRUE,,https://cdn.shopify.com/s/files/1/0631/6815/1720/files/a3.jpg?v=1702198247,3,Terracotta,,,,,,,,,,,,,,,,kg,,,,,,,,,,,,
nourison-23,,,,,,,,Color,Earth Brown,Size,Large,,,SKU: NL-101,14000,shopify,32,deny,manual,600,870,TRUE,TRUE,,https://cdn.shopify.com/s/files/1/0631/6815/1720/files/a4.jpg?v=1702198254,4,Terracotta,,,,,,,,,,,,,,,,kg,,,,,,,,,,,,
nourison-23,,,,,,,,Color,Earth Brown,Size,Medium,,,,14000,shopify,32,deny,manual,600,870,TRUE,TRUE,,https://cdn.shopify.com/s/files/1/0631/6815/1720/files/b1.jpg?v=1702201174,5,Earth Brown,,,,,,,,,,,,,,,,kg,,,,,,,,,,,,
nourison-23,,,,,,,,Color,Earth Brown,Size,Small,,,,14000,shopify,32,deny,manual,600,870,TRUE,TRUE,,https://cdn.shopify.com/s/files/1/0631/6815/1720/files/b2.jpg?v=1702198262,6,Earth Brown,,,,,,,,,,,,,,,,kg,,,,,,,,,,,,
nourison-23,,,,,,,,Color,Vintage Black,Size,Large,,,SKU: NL-102,14000,shopify,32,deny,manual,600,870,TRUE,TRUE,,https://cdn.shopify.com/s/files/1/0631/6815/1720/files/b3.jpg?v=1702198266,7,Earth Brown,,,,,,,,,,,,,,,,kg,,,,,,,,,,,,
nourison-23,,,,,,,,Color,Vintage Black,Size,Medium,,,,14000,shopify,32,deny,manual,600,870,TRUE,TRUE,,https://cdn.shopify.com/s/files/1/0631/6815/1720/files/b4.jpg?v=1702198270,8,Earth Brown,,,,,,,,,,,,,,,,kg,,,,,,,,,,,,
nourison-23,,,,,,,,Color,Vintage Black,Size,Small,,,,14000,shopify,32,deny,manual,600,870,TRUE,TRUE,,https://cdn.shopify.com/s/files/1/0631/6815/1720/files/c1.jpg?v=1702201164,9,Vintage Black,,,,,,,,,,,,,,,,kg,,,,,,,,,,,,
step-into-the-future-of-lighting-with-bright-innovations,Step into the Future of Lighting with Bright Innovations,"<div data-mce-fragment=""1"">
<div data-mce-fragment=""1""><span data-mce-fragment=""1"">Transform with Stylish Lamps</span></div>
</div>",Nextcart Nexus,,,,TRUE,Title,Default Title,,,,,SKU: HP-400,0,shopify,0,deny,manual,6400,,FALSE,TRUE,,https://cdn.shopify.com/s/files/1/0631/6815/1720/files/11062497_48473_Converted_5_1.png?v=1700128020,1,,FALSE,,,,,,,,,,,,,,,kg,,,TRUE,,,TRUE,,,TRUE,,,active
experience-modern-elegance-in-innovative-lighting-designs,Experience Modern Elegance in Innovative Lighting Designs,"<div data-mce-fragment=""1"">
<div data-mce-fragment=""1""><span data-mce-fragment=""1"">Sleek, Contemporary Glow</span></div>
</div>",Nextcart Nexus,,,,TRUE,Title,Default Title,,,,,SKU: HP-300,0,shopify,0,deny,manual,5300,,FALSE,TRUE,,https://cdn.shopify.com/s/files/1/0631/6815/1720/files/11062497_48473_Converted_5.png?v=1700127953,1,,FALSE,,,,,,,,,,,,,,,kg,,,TRUE,,,TRUE,,,TRUE,,,active
explore-radiant-illumination-for-your-space,Explore Radiant Illumination for Your Space,"<div data-mce-fragment=""1"">
<div data-mce-fragment=""1""><span data-mce-fragment=""1"">Radiant, Stylish Table Lamps</span></div>
</div>",Nextcart Nexus,,,,FALSE,Title,Default Title,,,,,SKU:HP-200,0,shopify,0,deny,manual,5200,,FALSE,FALSE,,https://cdn.shopify.com/s/files/1/0631/6815/1720/files/11062497_48473_Converted_3.png?v=1700127894,1,,FALSE,,,,,,,,,,,,,,,kg,,,TRUE,,,TRUE,,,TRUE,,,active
styles-accessories-new-table-lamp,Styles Accessories & New Table Lamp,"<div data-mce-fragment=""1"">
<div data-mce-fragment=""1""><span data-mce-fragment=""1"">Work light, LED, white</span></div>
</div>",Nextcart Nexus,,,,TRUE,Title,Default Title,,,,,SKU:HP-100,0,shopify,0,deny,manual,5100,,FALSE,TRUE,,https://cdn.shopify.com/s/files/1/0631/6815/1720/files/Group1000005037.png?v=1700127851,1,,FALSE,,,,,,,,,,,,,,,kg,,,TRUE,,,TRUE,,,TRUE,,,active
single-pendant,Single Pendant,"<span data-mce-fragment=""1"">Endsley 1-Light Globe LED Pendant Available in a range of contemporary colour choices to suit any existing décor, this three-light pendant is ideal for casting a spotlight on special areas of your home. Well-suited for kitchen islands or highlighting a standout item of furniture, the pendant is also height adjustable.</span>",Urban Lights Emporium,Home & Garden > Lighting > Lamps,Indoor,"Shine, Spotlight, Wood",TRUE,Size,Long,,,,,SKU: LU-100,20000,shopify,54,deny,manual,4200,5999,TRUE,TRUE,,https://cdn.shopify.com/s/files/1/0631/6815/1720/files/14.2.webp?v=1700106487,1,,FALSE,,,,,,,,,,,,,,,kg,,,TRUE,,,TRUE,,,TRUE,,,active
single-pendant,,,,,,,,,Medium,,,,,SKU: LU-101,20000,shopify,54,deny,manual,4200,5999,TRUE,TRUE,,,,,,,,,,,,,,,,,,,,kg,,,,,,,,,,,,
single-pendant,,,,,,,,,Short,,,,,SKU: LU-102,20000,shopify,54,deny,manual,4200,5999,TRUE,TRUE,,,,,,,,,,,,,,,,,,,,kg,,,,,,,,,,,,
light-drum-pendant,Light Drum Pendant,"<span data-mce-fragment=""1"">Endsley 1-Light Globe LED Pendant Available in a range of contemporary colour choices to suit any existing décor, this three-light pendant is ideal for casting a spotlight on special areas of your home. Well-suited for kitchen islands or highlighting a standout item of furniture, the pendant is also height adjustable.</span>",Company 123,,,"Ambient, Glow, Modern, Wood",TRUE,Title,Default Title,,,,,SKU: WC-100,7000,shopify,54,deny,manual,2567,,TRUE,TRUE,,https://cdn.shopify.com/s/files/1/0631/6815/1720/files/13.1.webp?v=1700105562,1,,FALSE,,,,,,,,,,,,,,,kg,,,TRUE,,,TRUE,,,TRUE,,,active
silk-drum-lamp-shade-silk-drum-lamp-shade-silk-drum-lamp-shade-silk-drum-lamp-shade,Silk Drum Lamp Shade,"<span data-mce-fragment=""1"">Endsley 1-Light Globe LED Pendant Available in a range of contemporary colour choices to suit any existing décor, this three-light pendant is ideal for casting a spotlight on special areas of your home. Well-suited for kitchen islands or highlighting a standout item of furniture, the pendant is also height adjustable</span>",Company 123,Home & Garden > Lighting Accessories > Lamp Shades,Indoor,"Bedroom, Elegant, Shine, Style",TRUE,Title,Default Title,,,,,SKU: LS-100,2000,shopify,0,deny,manual,3200,4200,TRUE,TRUE,,https://cdn.shopify.com/s/files/1/0631/6815/1720/files/9.2.webp?v=1700105177,1,,FALSE,,,,,,,,,,,,,,,kg,,,TRUE,,,TRUE,,,TRUE,,,active
light-ceiling-light,Light Ceiling Light,"<span data-mce-fragment=""1"">Endsley 1-Light Globe LED Pendant Available in a range of contemporary colour choices to suit any existing décor, this three-light pendant is ideal for casting a spotlight on special areas of your home. Well-suited for kitchen islands or highlighting a standout item of furniture, the pendant is also height adjustable</span>",Artisan Globe Lamps,,,"Bedroom, Shine, Spotlight, Style",TRUE,Size,Height: 6 inches,Color,55555E,,,SKU: CL-001,15000,shopify,54,deny,manual,3600,5600,TRUE,TRUE,,https://cdn.shopify.com/s/files/1/0631/6815/1720/files/8.1.webp?v=1700060656,1,55555E,FALSE,,,,,,,,,,,,,,https://cdn.shopify.com/s/files/1/0631/6815/1720/files/8.1.webp?v=1700060656,kg,,,TRUE,,,TRUE,,,TRUE,,,active
light-ceiling-light,,,,,,,,,Height: 6 inches,,C08C60,,,SKU: CL-002,15000,shopify,54,deny,manual,3600,5600,TRUE,TRUE,,https://cdn.shopify.com/s/files/1/0631/6815/1720/files/8.2.webp?v=1700060664,2,C08C60,,,,,,,,,,,,,,,https://cdn.shopify.com/s/files/1/0631/6815/1720/files/8.2.webp?v=1700060664,kg,,,,,,,,,,,,
light-ceiling-light,,,,,,,,,Height: 6 inches,,D1D6D4,,,SKU: CL-003,15000,shopify,54,deny,manual,3600,5600,TRUE,TRUE,,https://cdn.shopify.com/s/files/1/0631/6815/1720/files/8.3.webp?v=1700060673,3,D1D6D4,,,,,,,,,,,,,,,https://cdn.shopify.com/s/files/1/0631/6815/1720/files/8.3.webp?v=1700060673,kg,,,,,,,,,,,,
light-ceiling-light,,,,,,,,,Height: 8 inches,,55555E,,,SKU: CL-004,15000,shopify,54,deny,manual,3600,5600,TRUE,TRUE,,,,,,,,,,,,,,,,,,,https://cdn.shopify.com/s/files/1/0631/6815/1720/files/8.1.webp?v=1700060656,kg,,,,,,,,,,,,
light-ceiling-light,,,,,,,,,Height: 8 inches,,C08C60,,,SKU: CL-005,15000,shopify,54,deny,manual,3600,5600,TRUE,TRUE,,,,,,,,,,,,,,,,,,,https://cdn.shopify.com/s/files/1/0631/6815/1720/files/8.2.webp?v=1700060664,kg,,,,,,,,,,,,
light-ceiling-light,,,,,,,,,Height: 8 inches,,D1D6D4,,,SKU: CL-006,15000,shopify,54,deny,manual,3600,5600,TRUE,TRUE,,,,,,,,,,,,,,,,,,,https://cdn.shopify.com/s/files/1/0631/6815/1720/files/8.3.webp?v=1700060673,kg,,,,,,,,,,,,
light-ceiling-light,,,,,,,,,Height: 10 inches,,55555E,,,SKU: CL-007,15000,shopify,54,deny,manual,3600,5600,TRUE,TRUE,,,,,,,,,,,,,,,,,,,https://cdn.shopify.com/s/files/1/0631/6815/1720/files/8.1.webp?v=1700060656,kg,,,,,,,,,,,,
light-ceiling-light,,,,,,,,,Height: 10 inches,,C08C60,,,SKU: CL-008,15000,shopify,54,deny,manual,3600,5600,TRUE,TRUE,,,,,,,,,,,,,,,,,,,https://cdn.shopify.com/s/files/1/0631/6815/1720/files/8.2.webp?v=1700060664,kg,,,,,,,,,,,,
light-ceiling-light,,,,,,,,,Height: 10 inches,,D1D6D4,,,SKU: CL-009,15000,shopify,54,deny,manual,3600,5600,TRUE,TRUE,,,,,,,,,,,,,,,,,,,https://cdn.shopify.com/s/files/1/0631/6815/1720/files/8.3.webp?v=1700060673,kg,,,,,,,,,,,,
bedside-lamp,Bedside Lamp,"<div>
<h5 class=""text-xl font-bold mb-4"">Product Details</h5>
<p class=""text-text-light"">The Flos Arco Terra is a timeless piece of design created by the famous Castiglioni brothers for Flos. It features a white marble base, a satin stainless steel stem and a shiny aluminum reflector. The light source is a dimmable LED, making it perfect for any space. This classic Table lamp comes in a size of 232 h. 175, with a height of 175 cm. The E27 socket and the 1x70w E27 bulb make it dimmable, though the dimmer is not included. The lamp can be used in multiple environments: bedroom, kitchen, living room, corridor or study. This arco lamp is one of the latest additions to Flos, a leading brand in floor lamp production. It is highly versatile, capable of fitting in different styles and adding a touch of elegance to a room's décor. The Arco Terra lamp is an excellent lighting solution that provides diffused and pleasant lighting, ideal for creating a warm and welcoming atmosphere.</p>
<ol class=""list-disc ml-6"">
<li><span style=""font-size: 0.875rem;"">Coffee</span></li>
<li><span style=""font-size: 0.875rem;"">Tea</span></li>
<li><span style=""font-size: 0.875rem;"">Milk</span></li>
</ol>

</div>
<hr class=""split here"">
<div>
<h5 class=""text-xl font-bold mb-4"">Delivery &amp; Return</h5>
<p class=""text-text-light"">We want you to be happy with your purchase and we apologize if it is not...</p>
<ul class=""list-disc ml-6"">
<li>Weight - 1kg</li>
<li>Dimensions - 22 x 33 x 44 cm</li>
<li>Color - Yellow Black, brown, Orange</li>
<li>Sizes - L, M, S, XXL</li>
</ul>
</div>",Company 123,,Indoor,"Bedroom, Shine, Wood",TRUE,Title,Default Title,,,,,,0,shopify,54,deny,manual,69.99,85,TRUE,TRUE,,https://cdn.shopify.com/s/files/1/0631/6815/1720/products/dark-wall-bedside-table_925x_dd53957f-c876-4ce2-986e-798777489be5.jpg?v=1700060847,1,D1D6D4,FALSE,,,,,,,,,,,,,,,kg,,,TRUE,,,TRUE,,,TRUE,,,active
copper-light,Copper Light,"<h5>
<meta charset=""utf-8""> <span data-metadata=""&lt;!--(figmeta)eyJmaWxlS2V5IjoiZ0NmckxFdk5ncnpkYXZLcmZmVkNNSCIsInBhc3RlSUQiOjcwNDE1OTAwNywiZGF0YVR5cGUiOiJzY2VuZSJ9Cg==(/figmeta)--&gt;""></span><span data-buffer=""&lt;!--(figma)ZmlnLWtpd2kuAAAA1EIAALWde5zsSVXYq37dPY8797HvF8uCvFRE3BfLQ0T68ZuZvrdf27/umb2rbtMz/Zs7ze3pHvvXM3uHGIOIiIiIiIiIiAQRkSAiIiIiIiIiIiIiIiIiGkKIMcYQY4jJ91TV79Fz75L8Ez7srVOnTp2qOnXq1KlT1b95i1cPo6h/Iewc7YdKXXu2WW30gk6x3VH8r9Gs+L3yerGx5gdkdTfw25m8Z6j9RgU4F1TXGsUaUD7onK/5AAUD9AJfeC0YWsO5F5yrtnptv9YsSs3FRrNTXT3fC9ab3Vql122ttYsVqb/kwF6l2ZD8cpxv+6ttP1gHdSIo+w2/B7q13ru367fPg1zJItt+qybIk5Xq6irpqXKt6jc6vVKb1svFQPp2OtO3s81um3H40rMzQaftF+u2hPxVLm9HfHW10fHbxXKnusEga1U6ZkVD2TXFS8MIAd0HrKR5XdzeRtCg4FDpNRumU8pkNtvVjlTSjckgbO32oxCyMkUd0wuI6s0NA+rN4XgwHF9oH4yEptFs3O+3mxSoZsWUCwc7k4+l0AelKs1yt86IAXW52NgoBkDeWrvZbQHkVtvFutDlS81mzS82es0Wg+pUmw2QhQ2/3Gm2gRZEBqSLtaphu+TXatVWIOByGyLGbeb8RNtf69aK7V6rWTu/Zpis0FSj4leYipTuZMe/T7p0CsGVBXE6OF8vNUV/zlQbNNYwWCReLZ8TUV0drBdbfm+z2lnvubrXlJuNBjxNB68ti66Was3yOXLXbVYra0bvrodXXUZ6Q92vVIsAN65X19Zr/CfFNwUwsIO92YE9hN2uFaXRWzaLwXq116Flcg/bKLarxZLp/60dBzzcAL0y8iB3W0zitP4RDM/o8iOLQVANmNAenJtdKfuay/XHr/luqh6VMJLetCkE+eh6s9I1rT4m2O3vh5vD2W4nvDSzM35bcG+32PYpVXTGTY5mzPWm0VevA0cRP0uMbC7JVpqbMv78leap0Cq2i7Uaa5XlVO+1ndgW5tE1f1Wwi35jrVcpIpGiaXxJ8qzKrmSWJbNaNVxPGLhZq/gydSsdVqp/f7MqvTzZavsVfxUtq/Ra7WbZD0RfTzENfk3KT8f63Auqro9nElS9W+tUWwZ5Vb3Y6BZrvWqjZaR99bp/X9Eq5DXldX+jbcBrW1Rz6OuaDNuCojTSsxtata40f2Ox3W5uxsO8yeZiWdwcdOt1+tI7220wmYbBLUYnHxa0fL+83it1S8wkiFvNlGNeMCnNdtGYioeXRuF4UGfhSndQk15nnZlYE/OGAW7XjVHVlWL7nC+sPTdI0c+crEYWWwmbRTZfbtaaSa5gdNzUWQgwJwYy65calSbrg/ySrRJnl0Xb0FDAE0FztdMzPMitrBfb6K7LGWPqt327SE/595WRkx356XUz22eCYqeb2JGrTCsAV9e6iKoZVDvSxDWt/nDstHcpaLIEQCo0qlJlWmhNugpGJyhJjTwwYICCQlPF4IDLJTiInNLnq3Ur5gJG9GwVYGGDxSQ2c7G6x74XbPdHoZU+G1fb75SN4FerMk6NvprWOlZvc/7OTrjtepyvYn3abFtFFhCFqtJuttKsXm1iC5nJRgWz1JUOeqVi+dw8Kifrt2xM/kITjaqiHKBVt4UZJtW15qYB6ELH9iFAI2q9crElmplPcyyodtlsEwVhWgm3J9P+bDgZUyfeDGiZ+UWuwJrhVs/5qbZ5tbAvu0tnOtwjF9eBd2/ddzOvGwd7W+G0Ox7OIvi2izJU1are59cCAE2v2XyF0itPxtFsms7wIjMPXkm5GZKuF2V/9OiHE3suKLP1AuRX4Vjp2RoFlzHUC8FsOrkYFkfDC2MqJMwUuwYTC6Axrw70LHG5v49GxuNhuEY1dGIvPbugRS4yiJzN+vd2qzX2YAwdyLzTKTFh1jsoID6UDwOaoBayW8tiunn07iC/lMnfSX45k7+L/IlM/m7yK5n8k8ifzOTvIX+qXG2Xs62ftqM9OxmKZOo4FW2wquRv+DICHQ/cK00mo7A/bu6HsYLkuw27UhEj1WQnBNZBt4RtNrB3n1nARl+N8Ncn0+FzJuNZf0R1Zxkzc4suGyl4Z7vs4atV08O09kY4nQ1ZeoJrtijKVC01O51mHcirTw6isHwwjSZT5MO2UMT2UaDK7WbASqu2gbV/3pelh+qR83DBTFOtIkPBFpZRcfJ5LD1JgaRcrQEt1MWiSpVFphjHFmgpmT+TXd5gsU+m9eF0Kh1IVpGZdVJtACwQlpEdrSMq7FX60a61J16ZXRiUShVcG5tj10O+1VgDpc62fEl1sCGJ16qIm5rzL+1PprPjayiHy4NJZ/NzC0XFCBwe076OEcmS9Wr9o8nBbG06HFgmebusMhJPO+jZVZZL67T6s1k4HVMEVbVlVgg22thqbebzYDZph9HwObBORGS6YyST9EMnkCfVOtOD8bZTP69SDcTZEZ4K75rdFEAHs6NRGIRu7ExdO2g6+9jBDyfRZbTL6gpHAlyNRlk2llzHr7fYYM1xIB+zQZizMJHkZfsNoI53CwxHf/uincZkTOsY6PuRrumBZqPENzWwpTZ6TXOXSdeK1CuhZGJigHOmQnlyQIemrt7CQ9VD7G5ycsVuR3aufIZVwbA6exDNhjtHZB+SS6tYxsHc8O3JI2fzJb+zaR0DpASfwM6iMbggOXoE1fv9XqeJlTECmkOgdExytd7ChycnJdBYabQm0VAml/0ElOu4KpYQe9eedgzZ5lRsM3sNp6BiC7RyqS3OishNH9Qxt+Nj0JCMWbI0ayd5KZ46TIH1u+RES15322biSmzIpLlyrWk81jxuey92vckXui38Wb9nzg69drfRqZrT0gKrrFIV78YowGKVrk37mZav4hzB8jfcVXGV1ntSla2JvK43OUnjmgJ7FrYFOWqtiwsGnLcFOBNCVrA547kvQIWXbBxjDs9mhEsV3EnSZcrO+efjaifIbjTtCWsF2I5j3czlySTPiiN/yjYRK85pm+VMuCG1z3Sm/bGdUjvCW9hwOSZ0euwQbL0iC8gUK5kpNlX0Kod1Us8eblbbzeSkkMug4p0in8HZPaGQwSSbwkKrG6xbnGO2mGJiXkspyrJaThEJpxNyrLY4x2klxcScTqYoywkxxYiE02nbUSYRopjZmTlkzO+qOaxlefUcLuF6jWnJYR3Ta7O4mOd1WaRleX0WlXC8AfNWLfekjNyN+I5EPIoNrJ5ZkjdxTGjiTaaYm/1+xAq2M36aIEm5W6qWKVDCOs5oXPpM1hPTZD1yasgSS4ryQjeHKdi6c7gFa9WT/GLQatstYWkN9WTLTRDLjjRBnLCQWSCsZbs6VuaRnU0xHyePIdc5IoE+FWxPJ6NRZTi1loROuzX2VTYAJGwMtK2LGZqJNQgHGLFZSLl/X4u90NrUMhzEqTI5vdZlF9JeRHCIxoAXlR5N8IwM6JUnI1wPnZ+qZaUv8I+3xT+5Pv/krXdC5Uvk9BH/eG1QUKeIB/knt8s/ecMpmE32qbAtsHqW0vvOSkPg1fuz6fCS0gt7t99OXu/dfgeJt3f7nSS5vTsEmd+7Q5CFvTsEudDqT7HI1fEgpJ534WA4UA9kmK4ozx4XKDzsjw5C6ugDc3S4VXmrSKnR3wuVzu3094ajI+h1JHs1gAeTWbQ9He7PyOWEdqM/HfapcrAXTofbq8MLB1NEy+7sjsgKtWM+ATSRBRN7BDbNzFcN9vvbKPVcXUINOAxixExeE8Nwp8orMFiVyZUBZjlgSAkeGBh/CnU285utXe7vRyhzWoX1Z46XmqQXZ7yWz1FPup4D0Uty4qITrxSwAIrBrgEuZPi3Yrlnu4ULz7948nhPAKY/gREyk5NQVdFps9R0EO7Bari9GQ4v7M7miAjPyZASkiq+/3B7jiTlw+HCbBSrYX9mJupvdIuTJEWqfGfLkLjReOVWIPicjIrUDJS04GKbCwR6xCVebLYrDdKl4mpbypcrDWPUTjS6dRnaCo67xPdOsu+KaE5VbHpaPHrSMxx8Jb2qWDSHiKvLNr2GU5Sk1wY2f117w8RPrpcFTnpDsGlizTeWg01Jb2KSBX9zuWwCi7cE1jt72DoBPtJbnR/08Ga7If27TYRC+gj2SZHfIysdc1b+mtVaUcbxqPpaW9yERwfoLOljOJVI+49dxYkmfdy6Tb923bb7dR2b//p7bfr4lk2/QU5apE+orZYk/43Nlkmf2O6Y9Jtatv7trXMNkdMdNcwQ6Z2k0s+72p2a5O8mlfyTiqX2Buk9xdKG5J9MKv1+yobl89QNOkT6tFJtU+bnm0mF7umkQvctxXPrMo5nlM+aE+S3llfNgnpmuWXyxXK3LXQlXAbJlzGSklZWLX+fIKD0Z5X0TtI10rtI12lW2quSCv+z63Y8tLYm/amtN8+K3uAJGz+nUcUhIW2ebT35KaSts62nCJ97z7aeejtp+2zr9rtJg9rZutTrEEMW+i67o8zLhjhJpJuk0o/76ufqgj/fqBn37v5G91yH9NvYSKRf304akH7HBgInfaAVdATfIxX8s9rn2pLvt1vrkm61uyWZ9+0AR5p00LH9CDsNc8bZYZpk/i5sEFIj3d2w5cMNO+5nb5wz+nJxo91pk45I7yTdCwIsuFJjUslPSO8i3Se9m/Q7SZ9EOiW9hzQifTLpjFTkdED6VNLDIMD2K/UgqfC7RCr8jkiF33NIhd+/IhV+30Uq/P41qfD7blLh929Ihd9zdRDcKQy/R5c3TA+fJ4Cw/F4BhOfzBRCm3yeAcH2BAML2+wUQvi8UQBj/gADC+UUApqs/KIBwfrEAwvmHBBDOLxFAOP+wAML5pQII5x8RQDi/TADh/KMCCOeXA5g+/5gAwvkVAgjnHxdAOL9SAOH8EwII51cJIJx/UgDh/GoBhPNPCSCcXwNwl3D+aQGE82sFEM4/I4Bwfp0AwvnfCiCcXy+AcP5ZAYTzGwQQzj8ngHB+I8DdwvnnBRDObxJAOP+CAML5zQII538ngHB+iwDC+RcFEM5vFUA4/5IAwvltAE8Szr8sgHB+uwDC+VcEEM7vEEA4/6oAwvmdAgjnXxNAOL9LAOH86wII53cD3COcf0MA4fweAYTzbwognN8rgHD+LQGE8/sEEM6/LYBwfr8Awvl3BBDOHwB4snD+XQGE8wcFEM6/J4Bw/pAAwvn3BRDOHxZAOP+BAML5IwII5z8UQDh/FOApwvmPBBDOHxNAOP+xAML54wII5z8RQDh/QgDh/KcCCOdPCiCc/0wA4fwpAGOi/lwA4fxpAYTzXwggnD8jgHD+SwGE82cFEM5/JYBw/pwAwvmvBRDOn9fH40u4aDO2a3W30rGr5olvWu/v74uzpL2d6WRP3LvZhH+90miypbTeOpqFkcppG9hSXo7ry13Jj8Wzw48b9Gd9Q7uochvDQThRnhfTRHd1pyMhavWjWRhMDqbbsPCiKd4dDoq4g9PthgRhaBAUZ+yyeK7FwbOJdyi9NJOO41NGu/3B5MEI0NvFbSFasIuPidc6CGf94QgoHzLeSBwRvNdDogkhUS3ghVm4Z8KgtmjxcLjFOZduLHOGFLnYZt0lufJO/P9tchvvbIowgJe3psJzTMvkTpjOKO8GM0lXKb0tglDPUt5EvNmZOPu5w2E03EJwWuVJ3KXSaVWI8PojtaMX4D2OdibTPbWrFodmxl6o1ZKBOru46mPpOqjl/hgkB5iqFAnmKovBvcT7ZWoX1dXks/cn16gTFrM7ORgNytK/en8Mgv7cMJ1wEqIy3VyJpArAyR0jW0PppvQlWp3al5GumiJsszod7k2ePSzTQovANjJe1GcOjSK9SKtrCEJfGI45LUnLm8PBjIGpa+ew69aTXVTXbUtLOMvqdXl1vTjCdeaqgoIqr3AxPFJjpXfA1objuBKzK5jK8EJI73KcVMhZ9/k5Ki8Z5ycXuKUgB/OhHaeX618aRp3+BRrWAjZEauh6vLpMLNw2fu32bl+OFOE0gkInOdNQtSJD9iKBm4fhlJBs2Okzv+qdns6NTJzWhO22mHUukkb0PmIT0YULo6P93YjdQy8MksugiL1DL25xxLz4nQcTWbxv0Poqy2aDDkBCj5d2GEwinZdrvbzTH422iMitUhCpsT6xiyJOaexiaXIJLq/WeoUc0Gty+uQsCe5yAp66E2JBnXL4cJDI9/RockEuAgxJZ1KOx97c2YnCGdZHLesze8M4+pfUu3qPHPxt66/R+poBR7PDcFAznXhtTl9bsYhUziftMJ209Jy0vFRaLOE5abGY5qRV2KEvWeEsXC6LRTdSeMxJYMnhMxJY/n+QwInjo10Z2MHVbP8R+XqmD8rLbxE5HURqwIHb2lh3Os/txnQcGgpEGRPGLIK0UpR2migEtiSGc8Nog2MfJAQDbN1zLJ1FVSg5cSpvCbtnT6JI+UGzKFlIUnYeICdAMvq85IrRNqzILWImJ9OwlrmIxCruDKfRLJGLtEWHsvmFNZk85S1uT/b2+gyhZHecNBSxpewKYtCMQSbQaAHtX868Pzh09njhctuzWEmUg61qSrwFeWnkFTOXndFpC0bg0N1zlbA6yMyg6/0pk+Qkne2WDegYrZKakmmEswcnkLvxIJw9pP8cIkv8k4zqcrsgWzc3N8hEy8RH6gGtg6O9rcnIsY9MhnbZ0S0cM4mEgUeYRjaKgL6Hq4iGzYapi9milcYr8Dw0AQ774HAvCQUgq7VwLNsbEnJtTbKc9UEUrjLna+J2MI6jsQnGaFyF4c5Oczw6aiP1w/7IUOcqVs+re3sHMxmd2X0sX2+eLxlnvbxixMqpDugl40ezpkNo3qG1dgU+qCMY9CUr6ovVNXB1gFPq6rfDHUgu2tKYOQvJFELoLYpkZfR9wQj5O6nLypkxuMnBfnWAP6tyZoaA38OKsZIm816NTyCbBUMi+z6tFuJsYLh/QBP2zLLy4hU831zguD9UcdzgQ5RvuEZRhP8LRRMRiLCrg/8bZcAAKg9F1NkN975KawGmBVcEGjfHM4Gh/6Cem4SUrjUV58YrzCSzkVDgxaa9MeL0ZmwETlwRs6ExZR1QZfEK6v3xATvcURCOWHchS1Xlh1FpMh04B+UKBIW0E/Oa9lE0ba7Mp0D0bSZ5eiODMbDt/IfpXIAFktUg04UwQgKrmCBveQdP+JzVwcgUIgu84UM70PU+njTxUZFlq5+sy4hjHNuW880LoyEe5vRIFm9nEhxsSVx1CzJBcNTWC5jN/ck4HLu1sHgw3hnJta/c3mVZLg2jblxkRLBsu12O69f7OPKxBduOsZar3j/YGg2jXZhJw9LdzqQT9vdqafekEe94I7kqhxSxyLEKBjMZdmpXhFVzJ3iQnmIpHLGYI7zkuS7MW4wr89248/+JM0a+PwoyMxJXsaztQyHlnTL++nXSE5TI+OtmW8d056Zscgfi3OdTx71AkjjuC9H+NOwPoFiMdicPImuOHKUQCQ7EzkK+ZHlssLvg0y6bRlzmhK3sciuXHHDyyAGnOnIYMLtjdbwjxzLT1Q2lBwfWetOuh4LOJlJQCQ+H2/HLhfhCRCJd5nWFLhN7NNFYz+C4I5FYOnkMuFRsx/4/W4SrXC5v9szpVh9rBO9FMhxt0Xm3zTEWpFYdMJXDnSH7NEpPLcvzsyzWJuLHvWu5Db8jDNRScg2uuBaL79C0wEmJJ7n4Ji3HRQ7jiCnzLpsQFxwipl+wrwyBFl0HSvjIFzDZ4jGxFNg56Q2tJKOWm2aupeztsNzQubdK+jIGdgxJTaKY1Uovfkl3OXkRHcWLEQX1vK0Ebbh8AVGmqLKoiehio8+51MjQUKlCo7hBEN3cNyguCdv2KaAONk3k3pO0x+WGIci520JzF5/3OexKPAHOTKdYLSjih5kQqKC9Zm4iiPa2YNtr3dXbuBuEZ2sGnI6xDFjyE9HBzg4XUViMoZzfTNdYlNu44zNxGmYEDFUuOrwgdsYcq5h/stWKWTf/wCoi1zyYiWspFp5yTBzTgQsnDgb5RShWJ8QbAvNmCrt1MQK9hHNS3Iomo4NZ6Fw0jNx2dlR/p9UJ1+WNNdek8qqrvYbvuxu+Ym2zeD4A0DVz4JBnNLEpuIcNj9Og8rDhyarPjQ/2AuwFExEpnHJnI4gbRBYbyDLAH71wgFWcuhzeLv1iHpf2xVhOx+opajnDyS30E5aby61EtlR4ONTJlKvDnFpjP0GNzBmWrmrLgjbjXTvXwjJC8CC2iGkzD9KXFFZuzv/GGZLt1ji3gYAdEYFcgVmVlqdrJNyXtZvnBOO5p905f3XVvkHLcyvQbAtUcI+OFrCD7DmGX2antG1ZOx97Cm57jDdXIWCmGatoDr2PBOOqRMxobD3IezLZtsjd6mJ4WS4IHITRfJlhhnCfX+ltrvus6PVqrdJrrvZsMRd0vfh1PSNktZ93JVLRK063k15w1kKIxfEFpEhsiR0gk/WGY/zptjH0ZHN206lxgqPuwXRID/VgGO2P+kdmMayIJ22yRvfpf2t0QDjEtbZvMkiSanjZxCKocNEOtGXK2uGozyF111bI7xukrbAX2jgYVdxUA+JHVfCKrFOUrx+MZkNpPZyuDsPRYMNOBRO0zYJC9iiDzl53c8fNAOWEUe9LkEyp5NmOe+gjBpvEc1Y5Z40wUD62w4XEQi9Ind7cTf1i0oA/HuzLQQ4xhA6UjZRu4Ifux5O/xaW37cmLPZVLKgNgK0YtqcVoMuR2RVMNEksrkg+ApJyb9WqlUjOPprCdRpe5nIpR9vFN/HTJVq0PbedoJgIpXF7mZVdhQo0aYMLQYsTi10rNTWuBWFBFJxq25rb99Uhayy5DL9m8zOU1qgqki+Ox21exeIQKZkeW+ia3WIW3Xayae0fz7MFLXvbluHTrxei8ZJKiQr14X1LEvnlfWrRoWSalS2WuTv12j3uvalcWy3JiDk6IgUCM9nJ/xeS4cl6joeyUn1wF6q0W61Xz2u2Uybp72dMmsxk3foaF6qd9uarmd9CknrwtYwWDuZpJY6dOEddYRKtYcQ8Vr7WIun1bdp3NmV65ze/6plQ2t7s3lJv1Fupt8DdeLmzl6ZnI+1XMd1qKIoz6W6EEcvS+pZSDxqs5qKdE9bAv4WaJyohWB2LCVd6uHZWsGe1WkRevndwVOXC8NYZeS9hf2AF7s4mDcjHWNPJaT+Vnk6C/Z7Psv8ZkNY26ijWZcYRHbRfYC2P06vAS9oJNzHn/9clh6PzQyWhwztgjwgoY69XEEHsZ2vUhUe3pUZVgOlUic3cgHaqaTtt8+Zj3j3sZjkR4pk8meHYRAze21WhvJ21qRJkzpxKwutg1UbT85nBwIWSfYHFiyTwCMqYuTfqDIQEzGUB+NsROzvp7+9Vo8pR7uOKENY7FFELhzKCEOBwUJSqd28ZNjzN5KYjXZ67iy4/qmCK1uV7t+KVmsS3rWJvnYrIuPHazi464WGuty3WwvMwSlQbS5tcW7qdUHp4Ku7SjbqCCIFWABmOH4meR5rclcc4LMBZoRYBysPXgLrpKpS4bHameI7CD15HJqLejvw2EQ2RtzIbhvcCcUUVQktq4+JP2d/tRqBaUZwCLvGefvTp+VPRslctkLcGTZzKEE6gcqUU9ZWxnqiCpRT11GLXseVOCAOjkWzRnMw6++9JjaN/jjVJtMn1/vaeem0U6FVNv8PRPuB3yN41bUJSIhQQR3q7V/7Z+B1vIorrDgbYH4TAKJjsztzUGUkQ33qq5CpiMu/sDJt117ZfArQ5Ho5jmp8hbvzTG/AyY5qE9YEoqm0Rc9k+2Bx2kof5Zc0dsspW5wf5m7BEB/4JGJldwh/5Fcx2cKUp9q69o7oeP+Ufv9SbP5vwYHLCcUINpaGyO2fGF05+xcR3WJ5PxaMh9yugobuHTeDO7hPRY/268SO4BItoOnRm2KXhdXJCM2KB/LkY7TzwpeGNSYA7gacHPxwXijKfoN8XoTH84F9huUP5rOjLIAUghIW6kPmwFbnCWMC75g0yJdFhwH8ngbKcE+4cZrPRIcB/NnNpafSxMpF6m9W/pK/awlJDSy/ehHgHrzgYL0Ym/ottxtmX3C879OHtNCWhF6pU5/XfxXBt3Mp3sj2n1HLgZ7PwK+ldASYVsWOi7sgUb8Lcq8t0WnVjhjK59XKtXunjWvKK+VB/EsR+4Zxt5PXdz2PTuQxR/Pg4vISYxBZ+I82aa/1ROJrYX58xC/iQSK9/JoP4spgsTT3WFi3d7g1ier/SVlIsItRLuROqfPf0iPNsMGlFG6h89/YOeG6AM+M1afWeatQZCpoKN0clN8BI6+teTQ7POCXXYAjOAH55vGgvETYns0xHrX7+Y+AiBxOI0LB1sMVniiP9SEpEKJKyFQPQ/6TkUka5Pav3PxiCb4xxxrUmcsV3cjyvUZOtUBfVb3l66jbzNU/9i7kfl6Mhefn0M28pVTHf/wrS/vyvWG5diWd1wDGUJzybY+GnmsrrxOM6SnpuxrIrctmd/f/R16pFXQNsKnaRkg0UgVzHq8eprLkNa4q7gy2xF6gb1qBi2RRuSzdz93KQePY+xZJv4CvHlFh1Lc7b420VCDTYp7pq/PoZt0XcYdqIEr9Tq8XHGlj3gNKXjsOpVWv17I3kO7MP+mLjL3t5kXJNgDv6bBC3+zVwp3sql2UGfU2NK8VwWVEJSGbIKQxkHm1+W6nuyVHZHFHllSZ6XJcHAyM076O/NogO8HpbY/eF0QtHzs0WNA/uo1j7o3Vffd4VCpwNqql5whVLuhIwfombq+7PFZXlwe6hemMUlW9gl9QOanRmLFDMfqZ+1lIkd+BAUfcZjbyJvUe/zxJsh3+J8jDwNI63+KEbXkA/5P+b8eKnG1Esw5y/ZCU3vWHPOMfrsPMo4H+/w1F97MktdHMWaCRvF/VhUv69nkwtEAwbNcbOziruIpCImUP9BUsDV2VzJR3Ry0avelVN/qcVYCLf35NTHU9URVKReofXzTeOl4WCYNvvjBtexN9aCerp6JUON1vuDdqfWoYzBvj4Tx1pwoNXapxEjv2hs0aKFLPqb0xcrSw60BU+nZhL7Xk4ytvBbIuwKZ+wVSS3qW4kGJs9ZTiYZW/jMAQqHIWN+x1ygn8pkLUFxD9+Zvl0lqUVVBKxGTRs5pOyaOYQlWhWcMX9v9dRvZLbsph0Lw7r2MqStuoat4FyUhHKuy+YtyXpkHAr3qmRZ3ZLNW5KGRRnzpR6pHp7JWoJ7LQbtV49StyUZW9i2efMj0ceoR6Q5Wxzs4GWkzsfj0qwtv99WsCih+NoswtJ8W2jcnIhtVH+Dg21JLxVM2cUu7zyGsoQ70u5aONkL5eLsn7S+K4uwNBdsyzFSqO6eR1m6XbmkZ32ilpP9WriDOUyljoh/RGcJ2iLoYxQvSylKk9lssncFLj96nOZKjF6eEqUlQ9kK91F2Fig692PHaToTfABKU5JXmBgAfi9rMsK4M2rEb1baj8tBs7h1LIL9PG9rIt4G41s3ngW4n3Y429sE/VqHliEmyJ9xSDOmBPs6h2VycdlRdFkyb3BImrJKy7B/zuFsUwn6jQ4tTSXIn3dI01SCfZPDBmZ+LRq7mRXKL3i7bE12609kMlO3qVuvhLeq0YrkR4ZiZFRJYbtdxhY+2+RlXFh2+nAxm7ckI4Nq9QeyR0Cyl81bEhoEVWYmMD1mkapVdckgzx7YH22uqyOTt6UVro9Ndj3ptmNIA39kizDRxmtJCz5mCwhP4MedVX9ss9b1IP9xm2+xjbG/B8PnSK2z6m/m0Kb9KgGViC79rS3KdtwWVdS/d0W7w9HAVV2bTuSXRl+wJa5bZgrB/oc5rFUC0F+0aMPG8OdqfQfhfMni442aKqqmfojzEsg2bug0Cu+Xqb/EpP+wRZtfkTbUb9uc67ObKVp6v7c3HDPoUL0lr35HNuc484G5GqYX6Aini5lqqT/lJjoYo9tr/T3WUn8qC+yTHgrk7k3lxGu88x+UBWmvMAMJ5icFL04LSrRzIbVzmL4f0ikr4wN8WqufyOA61OI+9lUZVCW9mv1JTbCO8Rmq+9SrM1QtfIBwehgG5t6CTv8KpwcicsbnMPRt9Y4MSn4Mu6J+Ne0rgTK5h/2cVu/ULJb4GrNDkeqoX8801SHUNTmQWX53lrLeJ8N/xib9hiYTl2RG8B6JyHDxYfLsskztqC+Xc+/NNBCY16QBSjYrmheoYmT+MO1qNWUdqTfl9OfSIjMVSMhE69Tbc+p/aHuXYVzoF3j6wy4v4UB8HHvh8UJP/3ksGznfw0O9xONWMcH5nLnB/NcUU2Ok5miuXuGpf0zxpjZbL/vwf0ux1Le4L6e4MlrHZJmuRuqlnv5faZk4WsmNwMs99b8zRQwTn0z9N6+fBHEj9RpP/xdvD/XAGRS3L8JU6+fmOI4f+2bQSfVftMF20RdnLJbVf2dezHHjCo+u3qaJ4jxk8QaLkx6oF3nqY96YRXDsKdhbtfp7Oj8IuR/cvlhjkzuQ26SX5dT3eiM8VRT3cBg+aGjfn0OYpnPOAcWv1YTFnetcRmAytGQ3+kn80EE4aaFCWyw19S5PvVlW996+Yfe+nPp3cV2akQCeLLlP5tU/eA+aoK68ROMwjhBDHH31Ixl02X6CYpFbGIusWAkEB1uzaRh/oeK9nvpRV17ub3PaKcIwYpbYvpg3W1Id7x/MkqvEF+bUT7kC2ea5OGMhvsZh1ieHWDGjVu/x1L/FGm0afIDtvyhyZ9Q/i4hkgSAG1w1uuC2ZqQ7JFxy7ejjrD0QUL8qh/BbnH4oM1Qty+vsdpoVnwe5yVA/HB9bgvzSnf8Az89yePBhb5YhDBEcZg8aeHeyN50p+xZZQwWpVhN3kiGOQlnxTdiqD/lVCgm4NY7Lk2RRzuzM0t/syEf/1svIWq2q4PdznOBcT/aMXSUmwH2Kvp42JaMuK+r6ceWWFKf6gVv/TknQEY6p9SKv/lcERTVIf0chiMJTAwx6tIJzqADP+Hwnay4msPZnMyH7RZeMh09KXuHM1tWqmRO7DzQr7O4//uyLH0Gxdf++p/xzjbZVW/yDCXP6DRxmxa9ZFZSgaLVP4FSsCztX++GBvlXWPXqmX59T/tKaVAhlRXPCKnPoeYlLsaajsCQNYZ+QZffOtjjHLFa6n05wtLsnCsXuUP5apEut95jKkJS6HJvTKXJl12LTvKq6+HGvJ/QhbWMVsTc2TUszMTfMYS1bbGzKe2pAEkptJXM4W12diutCFi9h1CB6WzVuS5hYLae7rNo9TjzmOs6T3sUBQpKxfiL/42Muxlvw8p/wBIXPzORjaU09UTziGsoTPskIIiC6Ai7B5+hvnUZYOS0MYykxCJA7J09QT5zGWbGtkFETCxAQWtf6mTN5SbNvHwqIDRMDV7WnWlg92UDMUPLpInMfMIVMVXYa0xFg00/ZklTnQij0kyVqCQzuWElK3ehHXh/pBiR+y9r6s9Ys0kjO6KVpA2Ut0ZByS9Kf196ufZjuQQ06wx9LaRTRM6msdHTGNiOvuLfUGbVvsiHCiYGNNABj+oiNkopinbXPLgkzVt7NNbac4eg+TX+Z2jytH425Ow3G8uFa4xLFcEqP8XE+9S/fd84zneeq34w3PxmMFXTMzsOG2u4J6vx5Tl5AYWbPuv6TV75ho6+jYm7TPa/WBuED8DjFqMQG9/N24LJVuVaTISITgbzWW7DKKYvry64ta/Z4hQDnMVeYD6k+MLPq4KFNua0SO7rJJjlLFMe6oTIBsrp+2nncZnjSJ3GQ+zqq/SBnIfY9weAgGn9EXwyNiZRcuINl35tRn9eEER9KXXaa1OyWYirz/WktPZV8kHrNbCncmUxxOQnEywAf0f3T3AjX8gUg939P/Sc+YbgmtieTVq3LqPzMhdHS3ya0B65SO4oJMsIvEGYHpyPfhTkSz9ATwQi/c2woHhsF7c3hvRA136yEG2KBemsflQimYZ5lluuc06X2e+jEvGu7tjzioxe8/W/1xOJLhvtrrbzMSE/Ja79Rrsjzemldv8SSy1sbiqLfl1S9miGruDv+t3qGQgDHNvy5PKD3GlLE6B3uMTLzofU4o6peTMjmclo4C9nJKPuypdyclgqMwUq/P63dmsex9H9Dq1xJUOyQ2gC4bZXx5HjcpLpGumDuiSL0hr349wXeY5XEDU0HHP5Ngg+3JPpRvyuu/Yqth5z1CRS5xh6X+1jPX9oG5gucEpJ6f20KrmIiNuC7dGki3/od3rAT0p/LcqXA5w4q0VsK/xFYykFJE/j25KYYiJj+Hgq+o5+XECk92dgLm7CAyssmr/+CxhVIvXlyC/rSnftehY29I0J/z1Ac5IrIXC6Hlot6eV79HPzJXuDT/IQ+dYQvHc3yzp36fkXOUw2XakUund+XVn3hWM9Efo8SM571afcLbFqvTtrHk1Py9J68+hdoZrHULVtSfe4PJNmFtotdZ3u/Oq7+AN5cwiD37fiEijKI/Z92YImwPrTNTG25Z4XzeKGNxNpsOtwgJReoDefU3ZhRmBs1QPpJX/wnfeA9/Kvnww3epLyco96GH71b/HYGgQNxDRTTENCrC/LkNmk79bi/XZ//aJ0uh3qOlfm0iXx1RHscFI8VcXbDSW4SgluU5qOJ/rWI3kPcFutNck0cJgu/FSK9uPxuV6zYclHdkku0l2IL5uPBqs71pH0ssmHypWD7nEIsGYd6VLeGE4vIaR9n62d4C0iasMsR3IeyndWSMXIrI/twSd241obbCyIMLMlUstjCMmraazS/YdituV5k7RHhIHWPBgVheFGB5jS0G9DIP60Rp058bvN/Ter7Qp+QIVheNCqTP/OJ1U3GKn/L4IDyOlfoUwSQn5zh7r09/DjM0YrcSe2ApPuSp3MYcRj2yXg3klQnyVsffdWn5jOxaW77TnD6v8lJktVGxD6Vy8Qux+JlW3j6ySmsVLMI9yoofcMtnizNY+xZqcR4Zv4NamkcnD6aWN6pBtVQT5bKvzyrFjjy0WYmfq51MHo+dSj6dK02ZTvSOj/n0PI1p/TKiMymR7ceVeV11GdmV2V1darYrIKTBRITXOKSrmeCvdXjTYoK9zmFtAwn6evOxtEanJx/Q8dudqi/t3WBFWW525VVmZpZurFfT94E3ySPAOHOzlCSCvEWKktzDzIu95DXfrSYbvwF8uMmZbnSqzYY0f1v63O4RsTbK7phsnanefySj91kSn3KUP1FvsCxItqxkBQg1qAeUVway2x8VM7w/Bu+5Mp8CYco6neH17Kk354WfW5wd4cqJGbvP+Ti7baUsPwHLh6TzIRL2wwG9Sp+zXsZafCTIM2w/dRlbR+NDkLKMQGL4vKLZQVuuAcgyrD4Dq8vKfQpTNvuuQHpmSasEGoxDIm/MzNszVarZL3k7ZtntOm3s80ljmXKfwrQxQeKSxC3FdFj6cd+4NPa55Weh4DiKVW4wY2ZeczNimxxQ2SC/4Kn8ITEFk/mipwp7BxHbouS+5KkFy7qTkHt6JnAtHF8gGo/VtAQbMQcPt3iGo4dpT0vrCUu2gAkOQUU6F9GpWQdu9QhSr5KNGCRBBpGafZnXsd8w044uG3HQ8dP9Ofk7QsvQhSCEHUzUebOWUeHMw5N2uKO8whgZWfNO9wfhDn1lHTxnsrc1DFf79ofiDSve3Ha2eiOp+GVEmn03XihfmU7lU/OrsuZXy+9T2tUKO0QvMN+O79ENOl9trPvtKvaiWqtZK2ELcnMtpC9o2OLiIbjF+BWUgWW+YTJscvM1KyKCZSvKsR0k4Rkk2h/ZGlTPsZVnw0P5fTMTrnpV6hZmMnX/gvpkxbC4P5WXWBxDDC+u8nNqKduX5bm+WLSXk/iGhbFQclyymVdq+4MNm0Ol5yp3pAPyGyfzeSQjXBId/8IIQWLGG2W/Jz/7ATFfu3Wso2gti1JceZNd0Xrozkvy8zmHfV5Oe9UMep4JPGbSp+fnlBwkkdtXIe4IpfKyz6kV/cUXlC9sS3+1dbN8OX3iINjvWboPYyrz8ytSLcPu+RUUxr7E94odNq91v4LuQCIfAg169g87SDGeSJetTVrqZvHuZfB8eFfl3NdMWZjdRrnY8QHtI1v3RNez1VKzNPf7DAtvcLhGjQzKRWkbVu9ymyYn00HMKonZWtEsFsuyIdKICnzxqTpmWtP5rbBlO3HkDLIX+DUcClPqvGugAl0VSTmvNdsYN3YcZSZTOYij5x7esQHo+gyNxCMFdEPM1pNOsob2HcqNJltnCIUZxotzKjfcNjzzlnukXpLThcg0HQ6aBkcpy6hj38KwBha59N8BuYQxYkvjonWyx8bGlGhZQezzcxcQ6qrO+ZYflNtV8wUyVW7JpGn3YS6vHIghzJ0tbhQTmrwc+EkLZwMj4wXjsd4rqMXW+c66QS6tiSFdDgz6RLBZNU7pyrmmvNAGOtnuBoI5VSqaT8yd5sgjn6o1C/FMVTx/wmd+JuaL2auJuum4sILWxIXsOyTGbhYJSskndB/yDSiTte+QyMkaPlm1XgfrUSN4IoyVlx8Bonlw2zrgRG7vjV6dY4bYVfBrRPrx40B5KB82Doi0TMnlS2kFlTfeo1kpqttIMzpx8dl0ejX7Jbic7cPYnjK8EyNAw+Z1GIZIDmpY0II6cYUusHVK2CE5Y3NwZYCvz6nlwTzqDejVPEokiqF4Y07lB5MHx2yLuG5JYwV0MEIW4Xj7KMUuiHgQ83TWtMHKglqUt9zTyPS/uVOjHJ1bqtiz3vzA9HwHpE9aSs1YVcEoA+JQTlyxeHQiwBjjGW/p3m7TGJjcul+kGCgfXEkaKv6OtKqZD8bptvnuIr7APJlni5UtxqfIFjtpYaHr9vPPkCj/vgROf9QrlHH80isMZe/TzBaV34wa2YJIvS2n539HFjGxuKDyAaE9iJ0RRMCFhLNvuHiLw7SFDmiuqNl7EtTcXTRqmxRkrqJzbDedNG6Js3dZ2LJAOBkNkArij+EuUW9hTyIZ60TGQZFfTPq24Y4JHeNUMtcM/H1szuXJmNgLTPqjoumF7Jx9ByEETvyOQHb79PfXRUOivFvSboiTxNJEnCmuA6nawJdNMNlRciXMDm1o7lP5lEZ6bweUGWVgLhaP3bzL72jl6plyw6Ytv0KNMfYdwZKEU0ZXjG4vXx4lP5E2yP7ONTRxpe0pwT8aW7H9XeX6V8rVsj7J+pn2LYFbcVvq1MzIOJa4EcnpedyGmDf1irw6YybMCfPdnroKdq75Nq3PbCwr7jH3WZjIcXc6qo4b4YMckUBdM89avSWnrp1HmdXN7F1nGgsuDvc7ExEx8r0+QZWOinvmBLCsbkCEds65qc/rG5NsqiNvzembjnXVSiHT15uPEVRjVT8ME89Nwta3JEoV0G+5j2qZpwWEetxGTCA58yY//akjHodbJRUu6rdDjNQ5/3z8uyQM+7kG/gTn/gbhmlrN2CB9X6l5Xw8XDdhrBXeT5NgJO+V1iRmQy59L154JWcn+HKmCRq0N1rX1DqzFOp22b1o978D8Isu8XmfCvTqjo4/W4tFU9q9FNFvne5Wu2KbYBbPEYjukst6z+XDQRQOrA/h6Cap0lCBzO8RizxnPNB/Zht6d4zQYk1rCKrI8I6bBYWMGFr/osz/amwjvlBtDNN3uGsibDWeoFC3N4s+x2YL8g3Jfjq4Udm18FtsTCqMOEqF8MaGv7mEx1/uR/PB5aYf1hjZlceJ1HaLlcvV1gkvLC0PUTPYl8isIPjPxJ00LG9byGgGcQmPcgwovd2BGBVaOs2hR4AKXguIwAGE6dlC5GvPGGk9eeHhLB2ZsOh60eCRx1ziTZbuSv+L4ClcY38I85aaT23EBxVJc2qA7cqWFr7PdHx/2I7k1Ct3TSbaMfW4NR67bLB7P5CuhLDQTBbaV1qwW5uvyF0vY5rZtNPcJSttyw7Q22e6b8WwpL4MO2PRYpfYjXIPjHC2ndfPMpY1BpPoip2UC8hc500PDEXzfrF+4BsdsgnmEAxd3xZmYTK/DxLO08J8PWVASqzffPAFy7erdyYxA/8xlvYgDmINjG5BUtrNZmNico/pqDJhna4CqsYmajF1Z3lUrYbD3OU/OqgP5XUohaTNI7WzRVLStm19x4giv4hSii53J/t4E12ybyLpoJP3B1mVsNDgUbh5nOKF6U3dHFuMl1IdvTCgC5ZwE4piUuXK6YCt4BculARVcaWkYtZADvRB9STKBqBSYHDMqwQDZEQjq6HzfDEMe0ZqNOJKVw6zi52DFEdAgkBaxeFt4Im5EFWnHCTxSH+VY3UmMf+KoYQXTixDV9gmYmLsUjXSMwyw92yJWY0eDNZyw4ZvGPoErOg4fTDLeZdNSkWnJAcUTCIbpG0brlrI6boQPHhsC8zhIOvfJHGe2+Hg/EznLfbBwXaym6FjUiDmSnGlFH2827l4wx4feRTGfDDpvfm2qPoflFrtXNgsMexbNr0O3cp1emp9CyBS7vDmjBHENRBfFMLWZ1wGe3FetL/kgrtM2Q9zCzIEVqua0zG12n7gSkcAdVwdFYxjlcDQiTlsVzEKC4XRrMIvzc9oyQ1U5+RY2AXJz5lJFYvkWJBhQr1c7NuPNV2WfMy9EkMy+4YLA5HHlBeZUHrOzV8XKihkMZHKIvsoP8liNkelYLHE96kezWOksd/UplOpydAAbLl8/z+ksyz6P2mO/Ev65rXk9jJdClROhfKXQiwx9Yu9y8dDs726Zrsublh5doaNB0iPH1HUiUl/gyDLXSWOGifumZp6bv5jbqsjSsmQdLFApkVek/janFykjDmS/r0EgDEXA5CBwdh42lY7NextyMknDRXJcEO87HJQJdaABVFkP8eq2wv6MKWX9+xIPM6EtVeJWJsnpLjszjUqHvNsiWqbPiHMRzY+Z0lPPOYUEciV+8iyWuGyg1tcvyK5ods8PsJr36GeoPphT6WJQD+ilyRYNHTJOjN3yIGTHDhuW5wlsAebBbGaR+lBOr1gRxxtYpD6ck4+JOtPftJPMrU1On6KpKb1dUafNnMU069YQsBLOzOFbV9hyqP6AnAAcScy+IpLFpF69Ty5Vmkh9Maev2c7M0pfw/A/n5uPvcuo6lv3mlPgVsrtePg28iv8dMNsokVY3ZExSbNoi9emcvnHGBDtT9JmcukmyQSLFz+bUzcmkFM3WETBRt+xMtg+i5rgDsaur1cN2k/n/+5y6NRlekG50RcO1Ij3+WE4//HB4hW3t4zl9WyIrRiAPDPxRKF6tpWKVJ3Og++PJ+EjmvxujjOsBhKnDYHD6iCxfttGASScu1d/fvfcgnB6l4dJ5p73RIf7BvSFXsuaPculj9TADEVuvuJ4N2qIlDi77WBzW/1bM88tYEim1fY6SmfL01gjFNMEyZyZQfCtE3CzGjNg5tRtdt26qSN1d8Cyxq9vLEmzPDHw73LPG2t7ToGo41eBNNjcDEqksqjwNleT8UMCRkzueRWJI6GmbhYCUBwHYDtQMbG/fVF6MQHXl23j48/X0kgjTknaBCqKRENG4VABiyX51zuzVwWyyj5cOi8TbmDYmexwJ7Pi9ObMwjMqiukT1pAaxCVfDdmiedpxyeR5xDJY4pKXppD/YplNcv81Rb8/L/SsY2xl9nap/Yfr243bU8/MY2Xght7JoeyOnnptXC3UYIwvlPVKoRG+yTXmsZwOYdw1OK+R310aZ4/w/EGEeCm/p0BWV/x9z6pFGg9QLtF4QqNSPMC52/7lNLpf6I2fmFvvb23RB5dVSJKHDAGfRlizH+Y509RnqRJwvs/vTmEE/U62YF1V0u6BOGtBpLLEPk11NjqWnbcOt/tEIUYM4E80tGrk1/aecvioz+GRJ/HNOXb0Dpw174GMY1xjuVRSNVcb+ctQ8mEUiivH2CBNNaEY2NXThWkMoj5bZgh5Q16EphJMwgCP2wlF3PBDzsn1RvTCvbzCodphB3bgV6wXSzOubpuG2tXVB+J0HIRrnYsqL6mbTTmmKGu7iT3MAX6XDdui3mDKfyAnhcJHbWzz1sH05BByNt4vMIyYIsluT3/tzBRia44l8HffhOKazI3lGWLV3eTW6xAgeURnu7JR3DyTksJKRGnuZtm7RQvK9rQbFqBJbpfH8jCjyFnbzXbC5alRleiV8TwsL28I9KpofSiLTzi7SExRNLG4RARPxowvrQ9Rxur17RBN6af9y3PKViOPxndi/Mn5FxherC5fiDCEeISytkRQVZ4xODpF6UV7nJFuS9oQsvyVQy7TQmOdQ2L8SdqEdv780M6U89yfHKj0SY+xV/Gd6dUJaESX1CMwAr9vDvp7GhYbPS/I4SH27xwm1QaoTcsPpFxswU6u1ZlG2Fx105I9/AXnFWtX8TXR7BwYgn5xr+4H7g8aFurnBW8jeMS+aNyfmbpncklzYxNfSy3H77dAeItN+LH31fiTN2wYL2QYX5hpczDa4FDdYHNvrHS5MHuI6eEV5O8yzy+G0E8nvRxKWzhvnzuKfpQrhpf0pBosVY1GvwqzuuUtc9Zo8e5J73Wgx7+WCYweDFYjxsqjXclMtDcvoLYa7aPluouObxHTVNfLeKrmodH9w1mY1syB/S9C+7rG3ROby1P3160pVlAQo79/bLdZkEguNJhe5kiOzwNWt/DltI/LFJNPjpjMmWVpr++hd2xSQX87ms4Qn7B9vWjFTdJJWSE7ZyauuSm9OU6th/+LoGfprvgbWqzWb58xd9FUN331X8+pUCChzmGQSibwyr+S9u0MXpxcOZNsxkeFEuevxZJiAKRNrL/CgSRcANDgwBh+pV+fTd06r8VRRmxAUDiKuOTV1P1oV9RA44SITiKNl2EgAXQ9AGH1+GVR0cl7JX55PHwAG3Guz7Kk9FEuox9YG4p/MvY1I6IXJhrTDlUjyxOeNmY6nBD6l+H/yMRLZFmF+mKGZG4B55sr0yB9TC4gE+6Im5rGDiVPby0fOwfMv5jzzLi19gpZbM4syL1zkYYnQFMzXHU2W3EKwLn+Z2eXsEnWZJfSkaT6Zt2yhXrz8T9gP2yX5FZePbcHJ9CXbKQmLs5XN+pdaXKzsyPsxldv05aOqCuVsNxEEIxk2pW+evRfvjzbYVHCDnSLgMWi5uJaX6qoWXwMW251q2VgWLX/52S4+r1HcIMkV3fdp8+vyB2gK63fy78L6Xfy7uH43/y6tyx+dWV6/h39PrMvpUgS1ktxBnlxtci0p0ClWOis6ADwtNGfWBXsVtpbk6rkrzGvMk5Rru/LvdXW/0SW9viZ/heuGiuBurHT496aKjPjm1epa1/C4BahcbLkBPKzO8YH0VswEycPFWN7m1/n3ETILxug+MqgzowBfI716FKIWPo++l38eU1mV2o8tlkrSzce5xwBf25aWv64tA/h6Z4IfL3/alfQbyqx50iew/km+MSiaPxD3xHMl6ec3YdxIbg+MgO6QwdwpiLtkcHe7Pzb2pJL5W2P3lCoyM08OWsYqPcV04ambJnlaq1ru2AF/c9Dsts3X3Z5erct4voXzvozwGbViyfzR72+tNlrmT8s+s9TtdIxcivaVB1BJ+u+ukFkZnXjyKsBWhr6ocRGTCLza7HYsrzUubrCTZibX69BIt+RvfNcq9nPQZ2v+mn1Nc04sd1t+CqGeFatbw14G3V1s2RsZ29RtpWKDJQhUJijVqvlMO02LzCtuoVYbq8LAd4NcdRO8hqbKV4stn3UCHhaqBn6xbf4039nsA5hTqbo/gnXWrTcSXX0050+OnI7TYypVeV/bNH14XCX9lvHXxoJ6gtRkBwD8RjsBT3TivF1StEn6eQeejfTiTnYNafVJaHz2E9lPbjc3SZ5CEjN+KrDwNr16WkceIQE8o4MDUTK6VUymU5fX/fI57tiAPflEbtk3Gp2r2Wc7eTrddT0pxHCmzkKME9sn4l1MZn8pnmfb5nJMcSIot7nes9gV8zVCgU4HrWoj6dcZek1yNQlKbJTxGtEm2+q1nbbvS6vA1zHfpabFXy8jIL1B5GdRN0oHSW+S1LZ5s+lJLKxbaELIAR8mbElvldSxerhIDZ8BsFTkTlLoztWaMlu1erF9b9fUqNsXXUDoWd2Mp2moK9WiJW4l0L1WsWz3TtrLTKCr5kzYI1NL9DVuSh5VYeU53GP9emsd2yotft2qbwKwX4/9sgv78Swfv23+DOY3VBsB3bC1vilebXeJPpsnR2TuCWJ79s3YGCbHPlF6OpaGiH+c/RZqiri/VcZH+szY1W6LpqHFvTvIBHHmTjKdOHMXmW6cuZvMRpx5EhmjqpK5h8x9kjF9PJ9Y/vtlD7FT923pDvPtsn7d0ib7HTKNfs/J6gE24DVjTHr1Y7/M8fQgGpTl95zmW3fmM5MmjmM9nhDfQDyHd+I5ZIt88PgMyXcodwTPmdJEoesTDjRDoiTHT5y5snjGLfczHG7Y7GfMVfoZczK6QhxOvLR54hxmsGj+IP0Vvn5Ozitf8WdBBKyshVTmCX4n/UPP2gCCkRIQXhHzmvy4Jz0BFOZOABHl7mEm/taxM8Bw7OACwSlDWJxO+47Rii7MtSDelfHz5Ev4yWEG9WP2AXTsx3hVM6U5WxI/U8pfxgsXbibs3odjeWhafC+u2xyZ+T1XOqsfZFYvK/cpZGq9foxkmI7f++G3fuznYTF5rAm72XL1Du/yGpkOfIgO+AQZjF9pI186jPNUkEj2R7M0BgdRZNKPZYvogxn+xxn+yP020EtKO1KkFqqNDTZpsQ94rQGnQL9jzJ7uYhdIvVatu2Y2wlxwPrAmNY/V7vSKLfElCoHVqxbOeojj30c8MkHU5sANgRJG5gmsycZfdbX0doR54iUjebd8RulZuLePAyqRnjOE6VyuYZ17icjC/xME6mIHvDpocrK0sITY5Zep1E1/W0GGIyjzZbMZmvdr5f0fsg0AAIVYZ3hV1RLd5+ybG0oSSkBFAoSmIAqCjyLcPRcFpDdB4FGUAAFCN3SFSwmEXkLvPWCkl9ASQgi9hYBILxHpvVf5fGvmAOZ7P97zE2bdXWfPzJqZg2XZSquApMe75vsFjlHZ00dbrc8EdajSPrJOtT71OkT+1C6sT+3I9u2bVKlbQwWrXMrKrfKqfMrlspSylcvyq9q9be+u4d16KbeVaZBSKrMKYIH/RGRX22ylLCX3qILKZfs1COsQHlr6f60PZpjN6ssbbdlYiDfW7NYrPLJbWJfQ+t269A+tEtatT1hP5Vb//5jxFhSYbCe5+CwLSgT6NYjs3q53216hVcN7hUV06alyRyk1OBQKFlbFABdYxWuHRXYJU3XD20X07qrkx2dvfnxi/fduV7RSzXibH26KyrWqvh2tijTREQWG33JFtb6S7I+51n7KnQ3/40myRCsXRgdj1LeqekFlWfZQVXldxhnLPfDugEEwnR2lkjtmnLHdvqfFQpSl7WEqPX/GGe32pT37QlkuzLSelHHG5fYlz6+oLD97uCrmyjjj5/YF2VmV5cZMhXIZZ9zugXXKj1KWP2ayt8g44+8eUGPjI2VlwszgyIwzmdy+M6lNlZUZM2p9xpnMbt9LXxbnnueXM85keXNPFtjtuivjTNY31smKmYDQjDMB7oEH+pCyAjDzuGTGmUD3wBP9iisrEDPpnowzQW5fp5hAldmyxKFvvavsQdOqlNC5vn393sugVT8EFl41+Ns8f/vml3t1aZ1L+V33VwHwq40gw0HKX2VSKtAKGgQKZMumxGvwD3uCbc7WZTuyxdg2bAV+L7+M38Dasl7BOBLRag22rCGWGoq4sdQwSw23VLSlRlhqpKVGWSoW9x6wSquDluuwpVItdRGrbDXdttwWFOEIz6yyvg0/hwPMY6EBkznQ4cKH/DufnV8VUB9ZOBO/eETzX2CxpT5W0y0VooKsPEMwlFcVVZ+qktZwLHQHXbGU1WpCisGEshl0z1nYa296NJcY6Es/HRcQfesB+Q/J7dW5V/l7593z97K0VDrJwKnFa8hZMZVki8/bm/gMlvbQqVX+AbjGuQcSOYCHtuSPJbmRgc5bapuA9PqHaaA3nnRsj/P0devdxFJuZFDjj5eyYmKKn1e2/JwryMtnsJSL3gE+TD3BM3Ov2iu32gwoyzOyt+SvRu8AZpwpSGj20vcJPS3WkjSDJT3m4j2GMq9IJB19qyFmzsmbkAVIVx0zVhRaOnuJSP3LnuUCom+tpSJnX5C+3XAz/X38Oe3vk+RcyAfdX7aH9MSUeFobuY8iYlbSD1v3kz64MJamVTlI517ME6mvvxolIEez/nh/MulGm7+nx6834PSGUHoBadZ+WpUxeGk1KNaSbFaZgRqDnDh++ngsb5yoV4Y0F/D5+SJ4zECPHv1Vuvn3l/8yV9MWmYfHDhs9LLmWmbMrlFhOTOlNMnChyFLiFVfTUki29E26SHyGX5O7JIdOuvMX8S0s9fq5qwVcf7XfWZGv+WXiLdt6PcI5OKNnR8vLh7KUWxjwtbxC9OAtrBifIZryoaw638JSWU2CxlHxlhOM/q3uIgF/xa0lmNno1dV30Orqf5gT/fZTg3Hvs7+OwpoEex1FvOA+Bp+fX0JzdiVT12sJpD0XV9PyB8fIc3GCSN05sZcA/yHfiXd0/L5yVLlsEjX+syi99P1KGmSAJ6djRW7nUAbPGxWmM6nl6ZXvphHLsGJvNVW34Qx2Ez9AZhmM7fIxtJzu0Sf63TDvn65nmgatNIguo180amt2PilGLG837EcyMHTqYiqTaYUJjkomPbbLNcNkyNe8CDUNukMaB4rtPy49UqR+3mixgAbjNtH6ufdIx+05SK0mXKL4fSeIDaRrBVyiem3WEMuEmmPJvvnRUQGaQasJi6hY6X0w3VrS4ZW2U4VROyjsyhpnL8/27HiUsn02SaSGrwRwhPa/gei2VGXhTETMZ9gSR/pybF4qMWIasZRHMeies4qsYCxb2BZ8xt0B240cisRiom/FiNQVRi0UwF5bVG2j0cyqttlPGZAXPMjqqM4cYMkutPl1DOS5v+zJin0noPY6DvkDNGtmHuSDTeBvVY+YDHZMfOspZc2aeRo8Q3Lg46qOuW0EnHtR0msXdVvedwBLlP12sZphK+tM6kkECeier7nL+w5gUtk8BekAnlLWgg9XQw0s+vt4BRkSMOmOhzSDLfn9KO1ZI5g/zYAQ3eHU6ebk4okiJW0w8B8ST0On7uSB3exyM356Ko3+KpQ0X1RxQw0E6EncPJhshI8AjiOYvDjsf5byljpvwIcjxLG4ff5WmndvmUd/3ToW7AxO3PlkpEi4rYWAmx+VRjx+6tF2CX/w4ImnctkLpl6biUbza8BjwxJcJpsBv0otAQ8KDHesq7fPd3jQof1HrL+HuW8OH6pjQFBzrNBZ9lAtM+/ex5KU4vf1cZISZpnChuNRtuzvc4H4jIgY8IAP5bDnW1jqHQcWCvjXF+tZS9JLZ+/CC+9KhFxNu0S65LrzsPlJVJorEvE6vf4dpNwtVL/NfRgnjuxzL5IQ1EtJz5q5hVaGbMW7VxBbWX+7eZ6EfaA9RqSkDwaUpSnst5d04bNfghRJxGwvMHy5ky16T56BoMwNLuJRDIKjKssbVoZ8SHpv7fJYfs1c+qkxlw2jX8f9iOVTDd/CEmk/VgCTE6FvNGuIsmNYXn9VnGzWnYFmwJELSyHaZxoUpFOon4FiP/FfoL1c/MAmY6m4MSjqHiI/dNvszQQsqlaOsp4sXAlFPhf8P9kTHKU4qDjbnWGnGJbdc2qyGWReEeK1Hx6rixzwBlwo4ibNAEebsV1GiEQBiBFQ449ZhGaRC8ASmtFtEiJpDe5bbOy9tTcRosKjf9gaB57uqjio0xyUiA0JGqlVVMN+keipS/gbn/d3shksrvaUbM4U78C7KQb4CpkOorL5uM2xJ6ZMRTpC4zO2y14BZTLdpp1PPvDqtZGZQPUgb8E1Ob05mqGmT7oT4u2ceBxxFeLtnnOxM4AcTbxCXMhbEHmGz9hxoKCRQ8F5xbdA/NNuCODrlMVFPG+pQK/0JAgxIzox0L0nbxbAoSUlBn8Re6Jt9udMD9JX02xvcNRghLTt6MSAY5RXBEelk2y5HPtKwtN/CJonPpTv41tYyr0M1E3w9EczWqwqpQV/EvEO7J/tQdN13oRdaYB+YYFhLLTkesVSKiIDrle8QuoVlzXm2erqBRF84CnHNtOSb2GpmV8MWrRLADUfcGU+Ao5docGdzqEIHSW988l1poPwnHOentHtISJjLH3S8h4yQjuyOSTfAW4Y7AG5Uh1wvG4KKBxNunvOndQ5cQpUS5Yah54qScogW0Naghnd1jGpSJdYhr2prPwcpI7fheQswZjOAjiaA+2DXHVKI9Mm0291C6H7XEUaCRJt2BwQJRjNXjTZDL77M9yZYS6xNXt2zEF6d+jnNPK90yahZh3ea/DOjjTlg2GGTcNS3x0wX0B6/ZUSBJptlPbsNxTKJJgmh8N2BuhHb0sNaLT5ArJ9X6NRMrhseI4WSmDyVEJxiBVv8uks1Z8uZSXUPORE5YUie+h43UtGQHil+aQZLOmxDblji/NWdCloaE/hvhiR6AWGCmga1BW8PM4J7Tv0U0dgxOqw+R7S5b6viGZuG7FkU9sl180VgiP3zjUFhh/kjsuwo/WUD1wSIN9s/ALqPSad9WRbiQu+jiXiwukyuYde/uCh81FQt/wNpLsbzv3x+55C9+3Irk9x7VyyGeB1yn77TmV9s7Enzkd0T0wpK+DwoQCwXnvwVbPXvI574EFqBy+jjI6I6WrQnxuWvEoGlvQwyO/LkOdacid8BtoPgBvzoE0c7rTlETHjEK4+kfrXB5MEsPW5q0cW3oyEH41e5QDYiZLM4EKRb7gtSoDHGkjl4SqiURup5LpWuG6ESLS5YQJqBXyNpqc2U70QPFAB3C8EQkBDBhxTLdpVwnVxRnP3wPGwdPYwkUjrMwQw7filsEM8+JBi2E9nUp8ZcXyJEe9BqT0gZGmymYQMpInueu0Vkvhe0G2JQULYBoXyoe+Ow/1I1ZxR2Khvrax2oKTg3zZQY/EhuenRa8OAk0KOZnm8HM8waD4vS3S0zkCgXUJWvH+6pLPlaloZDITglWW80hYxqFO+Jqo5VnBXzVtYyhkM+FBeIbfwFudaRw9loeo7OZgBNyg2tIfR3wDMOFOQSpVyagWQk7Ol+WNHvwOYcaYglbqBHFom01h5v67XpoGA8EoFII9XQk45Z+AhD8dQ12s/G3wERBiENAwTbo48Cyb78etcxEBTlvcR6MfQAZVznMlRgZoH30WLBOGmClhdfSEyzmSDDmYlAjEW3dcGhNxuJ2Ogv0FAJIA4bpKBvkkFuBNG1inJ2fUX0MqDojIFXVANsqd8UBWlppN85uONPpg5FaSdSNqvyXh0DwvxjTce/tviDHBvyR3Ij+YmaWavw9FokaghGwRwPmauoh5ekxS6NvI6vgY2E7rnLQLQrG6SrMFtiaTf/X3m0acjTshhLPWcXa0dUKI6wu0QaX4A53WW8fs2OgOoPfgC7095XNM4dtfiEy2Ks20aWsGe4Fw6ntqYkCDvQ5GyoNx93ADLMEBvhEC8jCiHZ/hl+CzxFHXvwMonlfDPAr/CiY0T33pXqf8A(/figma)--&gt;""></span><span>Product Details</span>
</h5>
<p><span><meta charset=""utf-8"">The Flos Arco Terra is a timeless piece of design created by the famous Castiglioni brothers for Flos. It features a white marble base, a satin stainless steel stem and a shiny aluminum reflector. <strong>The light source is a dimmable LED, making it perfect for any space. This classic Table lamp comes in a size of 232 h. 175, with a height of 175 cm. The E27 socket and the 1x70w E27 bulb make it dimmable, though the dimmer is not included.</strong> The lamp can be used in multiple environments: bedroom, kitchen, living room, corridor or study. This arco lamp is one of the latest additions to Flos, a leading brand in floor lamp production. It is highly versatile, capable of fitting in different styles and adding a touch of elegance to a room's décor. The Arco Terra lamp is an excellent lighting solution that provides diffused and pleasant lighting, ideal for creating a warm and welcoming atmosphere.<br><br></span></p>
<ul>
<li style=""text-align: left;"" data-mce-style=""text-align: left;""><span style=""color: #ff2a00;"" data-mce-style=""color: #ff2a00;"">asdf</span></li>
<li style=""text-align: left;"" data-mce-style=""text-align: left;""><span style=""color: #ff2a00;"" data-mce-style=""color: #ff2a00;"">sdafdfh</span></li>
<li style=""text-align: left;"" data-mce-style=""text-align: left;""><span style=""color: #ff2a00;"" data-mce-style=""color: #ff2a00;"">sdg</span></li>
</ul>
<div>
<div>
<div>
<div><span>--- split content ---</span></div>
<div><span></span></div>
</div>
</div>
<div><span></span></div>
<div><span></span></div>
<h5><span><meta charset=""utf-8"">Delivery &amp; Return</span></h5>
<p>We want you to be happy with your purchase and we apologize if it is not. For whatever reason that you are not satisfied, we would be most happy to provide exchanges and returns for all items purchased from us if the following conditions are met.</p>
</div>
<p><span><meta charset=""utf-8"">All exchanges and returns would need to be raised within 10 days of the invoice date for Singaporeorders, and 20 days for overseas orders. For local deliveries, there is an option to exchange at any of our boutiques within Singaporeor through our online portal at www.company.com. All requests for returns however, would need to be strictly made online at www.company.com for both local and overseas deliveries.</span></p>
<table height=""43"" style=""width: 146px;"">
<tbody>
<tr>
<td style=""width: 56.0938px;"">Weight</td>
<td style=""width: 72.9062px;"">1KG</td>
</tr>
<tr>
<td style=""width: 56.0938px;"">Height</td>
<td style=""width: 72.9062px;"">2Feet</td>
</tr>
</tbody>
</table>",Company 123,,Indoor,"Bedroom, Copper, Shedding",TRUE,Title,Default Title,,,,,,0,shopify,0,deny,manual,59.99,75,TRUE,TRUE,,https://cdn.shopify.com/s/files/1/0631/6815/1720/files/copper_light.jpg?v=1700127477,1,,FALSE,,,,,,,,,,,,,,,kg,,,TRUE,,,TRUE,,,TRUE,,,active
polyester-empire-lamp,Polyester Empire Lamp,"<span data-mce-fragment=""1"">Endsley 1-Light Globe LED Pendant Available in a range of contemporary colour choices to suit any existing décor, this three-light pendant is ideal for casting a spotlight on special areas of your home. Well-suited for kitchen islands or highlighting a standout item of furniture, the pendant is also height adjustable.</span>",Nextcart Nexus,Home & Garden > Lighting Accessories > Lamp Shades,Indoor,"Ambient, Cotton, Wireless",TRUE,Size,Diameter: 8 inches,Color,363638,,,SKU: PL-001,2000,shopify,13,deny,manual,1890,2100,TRUE,TRUE,,https://cdn.shopify.com/s/files/1/0631/6815/1720/files/11.1.webp?v=1700056902,1,363638,FALSE,,,,,,,,,,,,,,https://cdn.shopify.com/s/files/1/0631/6815/1720/files/11.1.webp?v=1700056902,kg,,,TRUE,,,TRUE,,,TRUE,,,active
polyester-empire-lamp,,,,,,,,,Diameter: 8 inches,,D8D6D2,,,SKU: PL-002,2000,shopify,13,deny,manual,1890,2100,TRUE,TRUE,,https://cdn.shopify.com/s/files/1/0631/6815/1720/files/11.3.webp?v=1700056918,2,D8D6D2,,,,,,,,,,,,,,,https://cdn.shopify.com/s/files/1/0631/6815/1720/files/11.3.webp?v=1700056918,kg,,,,,,,,,,,,
polyester-empire-lamp,,,,,,,,,Diameter: 8 inches,,C5C8C7,,,SKU: PL-003,2000,shopify,13,deny,manual,1890,2100,TRUE,TRUE,,https://cdn.shopify.com/s/files/1/0631/6815/1720/files/11.2.webp?v=1700056929,3,C5C8C7,,,,,,,,,,,,,,,https://cdn.shopify.com/s/files/1/0631/6815/1720/files/11.2.webp?v=1700056929,kg,,,,,,,,,,,,
polyester-empire-lamp,,,,,,,,,Diameter: 10 inches,,363638,,,SKU: PL-004,2000,shopify,13,deny,manual,1890,2100,TRUE,TRUE,,,,,,,,,,,,,,,,,,,https://cdn.shopify.com/s/files/1/0631/6815/1720/files/11.1.webp?v=1700056902,kg,,,,,,,,,,,,
polyester-empire-lamp,,,,,,,,,Diameter: 10 inches,,D8D6D2,,,SKU: PL-005,2000,shopify,13,deny,manual,1890,2100,TRUE,TRUE,,,,,,,,,,,,,,,,,,,https://cdn.shopify.com/s/files/1/0631/6815/1720/files/11.3.webp?v=1700056918,kg,,,,,,,,,,,,
polyester-empire-lamp,,,,,,,,,Diameter: 10 inches,,C5C8C7,,,SKU: PL-006,2000,shopify,13,deny,manual,1890,2100,TRUE,TRUE,,,,,,,,,,,,,,,,,,,https://cdn.shopify.com/s/files/1/0631/6815/1720/files/11.2.webp?v=1700056929,kg,,,,,,,,,,,,
polyester-empire-lamp,,,,,,,,,Diameter: 12 inches,,363638,,,SKU: PL-007,2000,shopify,13,deny,manual,1890,2100,TRUE,TRUE,,,,,,,,,,,,,,,,,,,https://cdn.shopify.com/s/files/1/0631/6815/1720/files/11.1.webp?v=1700056902,kg,,,,,,,,,,,,
polyester-empire-lamp,,,,,,,,,Diameter: 12 inches,,D8D6D2,,,SKU: PL-008,2000,shopify,13,deny,manual,1890,2100,TRUE,TRUE,,,,,,,,,,,,,,,,,,,https://cdn.shopify.com/s/files/1/0631/6815/1720/files/11.3.webp?v=1700056918,kg,,,,,,,,,,,,
polyester-empire-lamp,,,,,,,,,Diameter: 12 inches,,C5C8C7,,,SKU: PL-009,2000,shopify,13,deny,manual,1890,2100,TRUE,TRUE,,,,,,,,,,,,,,,,,,,https://cdn.shopify.com/s/files/1/0631/6815/1720/files/11.2.webp?v=1700056929,kg,,,,,,,,,,,,
cotton-novelty-pendant,Cotton Novelty Pendant,"<p><span mce-data-marked=""1""> if you change your mind. Get a refund/replacement &amp; free return shipping if it arrives damaged or not as describedsdfsadf</span></p>
<div id=""gtx-trans"" style=""position: absolute; left: -162px; top: 29px;"">
<div class=""gtx-trans-icon""></div>
</div>",Urban Lights Emporium,,Indoor,"Cotton, Glowing, Style",TRUE,Title,Default Title,,,,,,4000,shopify,13,deny,manual,29.99,40,TRUE,TRUE,,https://cdn.shopify.com/s/files/1/0631/6815/1720/files/12.4_70960657-8474-4871-b445-4bd05ca28cc4.webp?v=1700043545,1,,FALSE,,,,,,,,,,,,,,,kg,,,TRUE,,,TRUE,,,TRUE,,,active
novelty-pendant,Novelty Pendant,"<span data-mce-fragment=""1"">Endsley 1-Light Globe LED Pendant Available in a range of contemporary colour choices to suit any existing décor, this three-light pendant is ideal for casting a spotlight on special areas of your home. Well-suited for kitchen islands or highlighting a standout item of furniture, the pendant is also height adjustable...</span>",Ecoglow Designs,,Indoor,"Shine, Spotlight, Style",TRUE,Color,697978,Size,Long Wire,,,TL-RD-001,10000,shopify,45,deny,manual,780,820,TRUE,TRUE,,https://cdn.shopify.com/s/files/1/0631/6815/1720/files/16.1.webp?v=1700028934,1,697978,FALSE,,,,,,,,,,,,,,https://cdn.shopify.com/s/files/1/0631/6815/1720/files/16.1.webp?v=1700028934,kg,,,TRUE,,,TRUE,,,TRUE,,,active
novelty-pendant,,,,,,,,,697978,,Short Wire,,,TL-RD-003,10000,shopify,45,deny,manual,780,820,TRUE,TRUE,,https://cdn.shopify.com/s/files/1/0631/6815/1720/files/16.2.webp?v=1700028944,2,DCDBD7,,,,,,,,,,,,,,,https://cdn.shopify.com/s/files/1/0631/6815/1720/files/16.1.webp?v=1700028934,kg,,,,,,,,,,,,
novelty-pendant,,,,,,,,,697978,,Medium Wire,,,TL-RD-005,10000,shopify,45,deny,manual,780,820,TRUE,TRUE,,,,,,,,,,,,,,,,,,,https://cdn.shopify.com/s/files/1/0631/6815/1720/files/16.1.webp?v=1700028934,kg,,,,,,,,,,,,
novelty-pendant,,,,,,,,,DCDBD7,,Long Wire,,,TL-RD-002,10000,shopify,45,deny,manual,780,820,TRUE,TRUE,,,,,,,,,,,,,,,,,,,https://cdn.shopify.com/s/files/1/0631/6815/1720/files/16.2.webp?v=1700028944,kg,,,,,,,,,,,,
novelty-pendant,,,,,,,,,DCDBD7,,Short Wire,,,TL-RD-004,10000,shopify,45,deny,manual,780,820,TRUE,TRUE,,,,,,,,,,,,,,,,,,,https://cdn.shopify.com/s/files/1/0631/6815/1720/files/16.2.webp?v=1700028944,kg,,,,,,,,,,,,
novelty-pendant,,,,,,,,,DCDBD7,,Medium Wire,,,TL-RD-006,10000,shopify,45,deny,manual,780,820,TRUE,TRUE,,,,,,,,,,,,,,,,,,,https://cdn.shopify.com/s/files/1/0631/6815/1720/files/16.2.webp?v=1700028944,kg,,,,,,,,,,,,
dome-pendant,Dome Pendant,"<span data-mce-fragment=""1"">Endsley 1-Light Globe LED Pendant Available in a range of contemporary colour choices to suit any existing décor, this three-light pendant is ideal for casting a spotlight on special areas of your home. Well-suited for kitchen islands or highlighting a standout item of furniture, the pendant is also height adjustable.</span>",Urban Lights Emporium,,Outdoor,"Ambient, Outdoor, Spotlight",TRUE,Size,Long Wire,Color,1D1D1D,,,CH-BR-001,6000,shopify,45,deny,manual,345,380,TRUE,TRUE,,https://cdn.shopify.com/s/files/1/0631/6815/1720/files/17.1.webp?v=1700027943,1,1D1D1D,FALSE,,,,,,,,,,,,,,https://cdn.shopify.com/s/files/1/0631/6815/1720/files/17.1.webp?v=1700027943,kg,,,TRUE,,,TRUE,,,TRUE,,,active
dome-pendant,,,,,,,,,Long Wire,,F4B390,,,,6000,shopify,45,deny,manual,345,380,TRUE,TRUE,,https://cdn.shopify.com/s/files/1/0631/6815/1720/files/17.2.webp?v=1700027969,2,F4B390,,,,,,,,,,,,,,,https://cdn.shopify.com/s/files/1/0631/6815/1720/files/17.2.webp?v=1700027969,kg,,,,,,,,,,,,
dome-pendant,,,,,,,,,Short Wire,,1D1D1D,,,CH-BR-002,6000,shopify,45,deny,manual,345,380,TRUE,TRUE,,,,,,,,,,,,,,,,,,,https://cdn.shopify.com/s/files/1/0631/6815/1720/files/17.1.webp?v=1700027943,kg,,,,,,,,,,,,
dome-pendant,,,,,,,,,Short Wire,,F4B390,,,,6000,shopify,45,deny,manual,345,380,TRUE,TRUE,,,,,,,,,,,,,,,,,,,https://cdn.shopify.com/s/files/1/0631/6815/1720/files/17.2.webp?v=1700027969,kg,,,,,,,,,,,,
mini-desk-lamp,Mini Desk Lamp,"<span data-mce-fragment=""1"">Suspendisse eu ligula. Sed consequat, leo eget bibendum sodales, augue velit cursus nunc, quis gravida magna mi a libero. Nullam cursus lacinia erat. Nam at tortor in tellus interdum sagittis. Phasellus magna.</span>",Artisan Globe Lamps,Home & Garden > Lighting > Lamps,Indoor,"Ambient, Elegant, Modern",TRUE,Color,413F3A,Size,Bedside: 24 inches,,,SKU: DL-001,0,shopify,45,deny,manual,99,110,TRUE,TRUE,,https://cdn.shopify.com/s/files/1/0631/6815/1720/files/90_mini_mini_desk_lamp_carbon_black_2_2.jpg?v=1700459051,1,413F3A,FALSE,,,,,,,,,,,,,,https://cdn.shopify.com/s/files/1/0631/6815/1720/files/90_mini_mini_desk_lamp_carbon_black_2_2.jpg?v=1700459051,kg,,,TRUE,,,TRUE,,,TRUE,,,active
mini-desk-lamp,,,,,,,,,413F3A,,Living Room: 30 inches,,,SKU: DL-002,0,shopify,78,deny,manual,99,110,TRUE,TRUE,,https://cdn.shopify.com/s/files/1/0631/6815/1720/files/90_mini_mini_desk_lamp_berry_red_2.jpg?v=1700459051,2,4B212A,,,,,,,,,,,,,,,https://cdn.shopify.com/s/files/1/0631/6815/1720/files/90_mini_mini_desk_lamp_carbon_black_2_2.jpg?v=1700459051,kg,,,,,,,,,,,,
mini-desk-lamp,,,,,,,,,413F3A,,Reading: 60 inches,,,SKU: DL-003,0,shopify,78,deny,manual,99,110,TRUE,TRUE,,https://cdn.shopify.com/s/files/1/0631/6815/1720/files/90_mini_mini_desk_lamp_steel_blue_2_3.jpg?v=1700459051,3,455562,,,,,,,,,,,,,,,https://cdn.shopify.com/s/files/1/0631/6815/1720/files/90_mini_mini_desk_lamp_carbon_black_2_2.jpg?v=1700459051,kg,,,,,,,,,,,,
mini-desk-lamp,,,,,,,,,4B212A,,Bedside: 24 inches,,,SKU: DL-004,0,shopify,78,deny,manual,99,110,TRUE,TRUE,,,,,,,,,,,,,,,,,,,https://cdn.shopify.com/s/files/1/0631/6815/1720/files/90_mini_mini_desk_lamp_berry_red_2.jpg?v=1700459051,kg,,,,,,,,,,,,
mini-desk-lamp,,,,,,,,,4B212A,,Living Room: 30 inches,,,SKU: DL-005,0,shopify,78,deny,manual,99,110,TRUE,TRUE,,,,,,,,,,,,,,,,,,,https://cdn.shopify.com/s/files/1/0631/6815/1720/files/90_mini_mini_desk_lamp_berry_red_2.jpg?v=1700459051,kg,,,,,,,,,,,,
mini-desk-lamp,,,,,,,,,4B212A,,Reading: 60 inches,,,SKU: DL-006,0,shopify,78,deny,manual,99,110,TRUE,TRUE,,,,,,,,,,,,,,,,,,,https://cdn.shopify.com/s/files/1/0631/6815/1720/files/90_mini_mini_desk_lamp_berry_red_2.jpg?v=1700459051,kg,,,,,,,,,,,,
mini-desk-lamp,,,,,,,,,455562,,Bedside: 24 inches,,,SKU: DL-007,0,shopify,78,deny,manual,99,110,TRUE,TRUE,,,,,,,,,,,,,,,,,,,https://cdn.shopify.com/s/files/1/0631/6815/1720/files/90_mini_mini_desk_lamp_steel_blue_2_3.jpg?v=1700459051,kg,,,,,,,,,,,,
mini-desk-lamp,,,,,,,,,455562,,Living Room: 30 inches,,,SKU: DL-008,0,shopify,78,deny,manual,99,110,TRUE,TRUE,,,,,,,,,,,,,,,,,,,https://cdn.shopify.com/s/files/1/0631/6815/1720/files/90_mini_mini_desk_lamp_steel_blue_2_3.jpg?v=1700459051,kg,,,,,,,,,,,,
mini-desk-lamp,,,,,,,,,455562,,Reading: 60 inches,,,SKU: DL-009,0,shopify,78,deny,manual,99,110,TRUE,TRUE,,,,,,,,,,,,,,,,,,,https://cdn.shopify.com/s/files/1/0631/6815/1720/files/90_mini_mini_desk_lamp_steel_blue_2_3.jpg?v=1700459051,kg,,,,,,,,,,,,
